result_id,view_id,bus_i,bus_type,pd,qd,gs,bs,bus_area,vm,va,base_kv,zone,vmax,vmin,osm_substation_id,cntr_id,frequency,geom,osm_name
2,792,2190,1,,,,,1,1,0,380.0000000000000000,1,,,,DE,50,0101000020E61000002ED967846DDE2640ED74D65D8F164840,
2,793,7657,1,,,,,1,1,0,220.0000000000000000,1,,,,DE,50,0101000020E6100000BA4F8E0244E91E4014DA28A1AA234A40,
2,794,5855,1,,,,,1,1,0,380.0000000000000000,1,,,,DE,50,0101000020E6100000B17CA7131AAA2240CED5A0794A5C4B40,
2,795,5891,1,,,,,1,1,0,380.0000000000000000,1,,,,DE,50,0101000020E6100000C645FF1543032340761BD47E6BC54A40,
2,796,6134,1,,,,,1,1,0,380.0000000000000000,1,,,,DE,50,0101000020E6100000DFCFDF3AB5B1224071A5E892BBF54A40,
2,797,6815,1,,,,,1,1,0,220.0000000000000000,1,,,,DE,50,0101000020E6100000016A6AD95AEB2240DD5ED218ADEE4A40,
2,798,6136,1,,,,,1,1,0,380.0000000000000000,1,,,,DE,50,0101000020E61000002BD780ADB7762240B72E90FBB1E74940,
2,799,6835,1,,,,,1,1,0,220.0000000000000000,1,,,,DE,50,0101000020E6100000FCCA83F414B523402DC9A60128D34940,
2,800,6632,1,,,,,1,1,0,220.0000000000000000,1,,,,DE,50,0101000020E61000009727C6E86FB42340CB23C9BD0AF34940,
2,801,6979,1,,,,,1,1,0,220.0000000000000000,1,,,,DE,50,0101000020E610000041B8020AF594234049BC3C9D2B004A40,
2,802,6936,1,,,,,1,1,0,220.0000000000000000,1,,,,DE,50,0101000020E61000007BDD2230D6B72440B156ED9A90164A40,
2,803,6935,1,,,,,1,1,0,220.0000000000000000,1,,,,DE,50,0101000020E6100000E81890BDDEB5244077A38FF980164A40,
2,804,6800,1,,,,,1,1,0,220.0000000000000000,1,,,,DE,50,0101000020E610000051AAD8F3908022404323D8B8FE8E4A40,
2,805,6801,1,,,,,1,1,0,220.0000000000000000,1,,,,DE,50,0101000020E610000030890EDCDCFF2240FD2E1114E4C54A40,
2,806,6985,1,,,,,1,1,0,220.0000000000000000,1,,,,DE,50,0101000020E61000004E3338A517142340F0CE90E0FCC74A40,
2,807,7434,1,,,,,1,1,0,220.0000000000000000,1,,,,DE,50,0101000020E6100000FCC165BA7C0C2340475A2A6F47CF4A40,
2,808,7425,1,,,,,1,1,0,220.0000000000000000,1,,,,DE,50,0101000020E6100000AFB893E3A9FA22403F613F7A79D14A40,
2,809,7426,1,,,,,1,1,0,220.0000000000000000,1,,,,DE,50,0101000020E6100000B4D9475D21FE22400B3664F2BCD14A40,
2,810,6743,1,,,,,1,1,0,220.0000000000000000,1,,,,DE,50,0101000020E6100000E318C91EA14622401DEA77616B6C4A40,
2,811,6742,1,,,,,1,1,0,220.0000000000000000,1,,,,DE,50,0101000020E6100000A248F7730A4A2240DCF813950D6D4A40,
2,812,294,1,,,,,1,1,0,380.0000000000000000,1,,,,DE,50,0101000020E6100000CBE2A1EBB2192140EC6186FD657F4A40,
2,813,7302,1,,,,,1,1,0,220.0000000000000000,1,,,,DE,50,0101000020E610000033E54350358A1F40F6A7435D5A234A40,
2,814,6643,1,,,,,1,1,0,220.0000000000000000,1,,,,DE,50,0101000020E61000006D0CF09359AB2040F79A79CD06094A40,
2,815,6647,1,,,,,1,1,0,220.0000000000000000,1,,,,DE,50,0101000020E610000075C4C661D5D120405B4CC7F720FD4940,
2,816,6630,1,,,,,1,1,0,220.0000000000000000,1,,,,DE,50,0101000020E6100000B2A3CC6152BB204093A6E617CAF64940,
2,817,6739,1,,,,,1,1,0,220.0000000000000000,1,,,,DE,50,0101000020E6100000E529ABE97A422140D95D45EB4DFF4940,
2,818,7372,1,,,,,1,1,0,220.0000000000000000,1,,,,DE,50,0101000020E61000002C7F6374E55021405785611B4C004A40,
2,819,6059,1,,,,,1,1,0,380.0000000000000000,1,,,,DE,50,0101000020E610000039FD8F02FACB1A40177C3FDAA4804940,
2,820,6124,1,,,,,1,1,0,380.0000000000000000,1,,,,DE,50,0101000020E6100000FB39AA3F676F1A40A9EEDB5A70844940,
2,821,6184,1,,,,,1,1,0,380.0000000000000000,1,,,,DE,50,0101000020E610000049179B560A791A404ADD8431D8864940,
2,822,5992,1,,,,,1,1,0,380.0000000000000000,1,,,,DE,50,0101000020E6100000DACEF753E3A51A4036E7E099D0844940,
2,823,5987,1,,,,,1,1,0,380.0000000000000000,1,,,,DE,50,0101000020E61000006C5ACE4AFF9F1A406009A4C4AE844940,
2,824,5989,1,,,,,1,1,0,380.0000000000000000,1,,,,DE,50,0101000020E6100000723CFABA67981A40CE2A7D3210844940,
2,825,6299,1,,,,,1,1,0,380.0000000000000000,1,,,,DE,50,0101000020E61000002A4822EAF43A1C40572D44E279D84940,
2,826,6301,1,,,,,1,1,0,380.0000000000000000,1,,,,DE,50,0101000020E61000008AE76C01A11D1C405A85CD0017D04940,
2,827,6300,1,,,,,1,1,0,380.0000000000000000,1,,,,DE,50,0101000020E6100000CA9063EB191A1C406D6EF195E5CF4940,
2,828,7347,1,,,,,1,1,0,220.0000000000000000,1,,,,DE,50,0101000020E61000001D8299A553151B40B2A94E626B924940,
2,829,6652,1,,,,,1,1,0,220.0000000000000000,1,,,,DE,50,0101000020E61000007E19315816011C40B4976DA7AD9F4940,
2,830,7427,1,,,,,1,1,0,220.0000000000000000,1,,,,DE,50,0101000020E6100000BD4C5EAE8F081E40612BB2E77CB34940,
2,831,7606,1,,,,,1,1,0,220.0000000000000000,1,,,,DE,50,0101000020E6100000FAF202ECA3631E408C602D8892AC4940,
2,832,7128,1,,,,,1,1,0,220.0000000000000000,1,,,,DE,50,0101000020E610000040C0FFFBF8681E40EB86B7184DAC4940,
2,833,6923,1,,,,,1,1,0,220.0000000000000000,1,,,,DE,50,0101000020E6100000D64F49E70D691E40923534AF34AC4940,
2,834,6883,1,,,,,1,1,0,220.0000000000000000,1,,,,DE,50,0101000020E6100000EEE0719BBAFC1C40BA43D48E2C9D4940,
2,835,6600,1,,,,,1,1,0,220.0000000000000000,1,,,,DE,50,0101000020E61000000686AC6EF5341B40DEF58887E67B4940,
2,836,6737,1,,,,,1,1,0,220.0000000000000000,1,,,,DE,50,0101000020E610000032CFA51364B71B4000E99B340D6C4940,
2,837,6759,1,,,,,1,1,0,220.0000000000000000,1,,,,DE,50,0101000020E610000089AB144C46B71B4088670932026C4940,
2,838,6752,1,,,,,1,1,0,220.0000000000000000,1,,,,DE,50,0101000020E61000009D7B592437BC1B40DA098A7A1C6C4940,
2,839,7071,1,,,,,1,1,0,220.0000000000000000,1,,,,DE,50,0101000020E61000005967C6EC76CF1D4055F99E9108334940,
2,840,6994,1,,,,,1,1,0,220.0000000000000000,1,,,,DE,50,0101000020E610000036EF93FEB9A31B406182644BA0FC4840,
2,841,6848,1,,,,,1,1,0,220.0000000000000000,1,,,,DE,50,0101000020E6100000FE9B1727BEAA1B4005943C8D6AFC4840,
2,842,7094,1,,,,,1,1,0,220.0000000000000000,1,,,,DE,50,0101000020E6100000B00D709C6F5F1C40E8CD97CDD24A4940,
2,843,6611,1,,,,,1,1,0,220.0000000000000000,1,,,,DE,50,0101000020E6100000A9797D9C1F0D1C4093BBBEC5794F4940,
2,844,6045,1,,,,,1,1,0,380.0000000000000000,1,,,,DE,50,0101000020E6100000618500851FE12040A8D13F1C7F074940,
2,845,7433,1,,,,,1,1,0,220.0000000000000000,1,,,,DE,50,0101000020E610000043BD2A61B789214047150F39C7FC4840,
2,846,7518,1,,,,,1,1,0,220.0000000000000000,1,,,,DE,50,0101000020E610000066625F57388A2140E549D23593FC4840,
2,847,6048,1,,,,,1,1,0,380.0000000000000000,1,,,,DE,50,0101000020E6100000D3DD7536E4772440FEA60B0CB4434840,
2,848,5977,1,,,,,1,1,0,380.0000000000000000,1,,,,DE,50,0101000020E6100000486C1C565D78244064FDB0EFD4434840,
2,849,5976,1,,,,,1,1,0,380.0000000000000000,1,,,,DE,50,0101000020E6100000DA8E4E0240722440F587669E5C5E4840,
2,850,6677,1,,,,,1,1,0,220.0000000000000000,1,,,,DE,50,0101000020E6100000BE350B0FF53E21408CBBE6FAE3AD4840,
2,851,6672,1,,,,,1,1,0,220.0000000000000000,1,,,,DE,50,0101000020E61000007936F5CB711821405EBEF561BDB74840,
2,852,6673,1,,,,,1,1,0,220.0000000000000000,1,,,,DE,50,0101000020E61000007B698A00A7172140BC0276DABFB74840,
2,853,6645,1,,,,,1,1,0,220.0000000000000000,1,,,,DE,50,0101000020E610000082B7F6F4C7062140CB3560EBADA54840,
2,854,6601,1,,,,,1,1,0,220.0000000000000000,1,,,,DE,50,0101000020E61000000691FB0C5E062140BE31A94654A54840,
2,855,6580,1,,,,,1,1,0,220.0000000000000000,1,,,,DE,50,0101000020E6100000BC86CF8C349F20402EAC1BEF8E814840,
2,856,5776,1,,,,,1,1,0,380.0000000000000000,1,,,,DE,50,0101000020E61000002A62C735F4051F4012C53FC7A20C4840,
2,857,5792,1,,,,,1,1,0,380.0000000000000000,1,,,,DE,50,0101000020E6100000243F2CE5C6CE1F40395B8AF557CC4740,
2,858,5848,1,,,,,1,1,0,380.0000000000000000,1,,,,DE,50,0101000020E610000011525CFA3CDB1F40E3C9C91F67CC4740,
2,859,5820,1,,,,,1,1,0,380.0000000000000000,1,,,,DE,50,0101000020E610000048F9EEFBDCDD1F402DC36E8E29CC4740,
2,860,6145,1,,,,,1,1,0,380.0000000000000000,1,,,,DE,50,0101000020E61000000D95DAE621122040F5DDAD2CD1C74740,
2,861,6146,1,,,,,1,1,0,380.0000000000000000,1,,,,DE,50,0101000020E61000006D9791D508142040A049ACD6D3C74740,
2,862,6473,1,,,,,1,1,0,380.0000000000000000,1,,,,DE,50,0101000020E6100000392806ED7AD61F405E83BEF4F6CC4740,
2,863,6581,1,,,,,1,1,0,220.0000000000000000,1,,,,DE,50,0101000020E6100000495057D2E5D01F40F7D445651ECC4740,
2,864,6656,1,,,,,1,1,0,220.0000000000000000,1,,,,DE,50,0101000020E6100000E46E10AD15CD1F40CA3269F8BBCB4740,
2,865,6583,1,,,,,1,1,0,220.0000000000000000,1,,,,DE,50,0101000020E61000007AA1CA7A7BD11F40A659EA6A3CCC4740,
2,866,6585,1,,,,,1,1,0,220.0000000000000000,1,,,,DE,50,0101000020E6100000E9FB04AB45CF1F4080FB952941CC4740,
2,867,7511,1,,,,,1,1,0,220.0000000000000000,1,,,,DE,50,0101000020E6100000EC504D49D669224025AE08A3FE754840,
2,868,7510,1,,,,,1,1,0,220.0000000000000000,1,,,,DE,50,0101000020E6100000AF4CAE1864692240861ED6C0FB754840,
2,869,7419,1,,,,,1,1,0,220.0000000000000000,1,,,,DE,50,0101000020E6100000BFF1B567966822409C3924B550764840,
2,870,6949,1,,,,,1,1,0,220.0000000000000000,1,,,,DE,50,0101000020E610000074B515FBCB6A2240B94780E4E7834840,
2,871,6690,1,,,,,1,1,0,220.0000000000000000,1,,,,DE,50,0101000020E61000000561B8848D682240DFAF5D352A854840,
2,872,6693,1,,,,,1,1,0,220.0000000000000000,1,,,,DE,50,0101000020E6100000FD7964BD626722403F912749D7854840,
2,873,6577,1,,,,,1,1,0,220.0000000000000000,1,,,,DE,50,0101000020E6100000174850FC186B22406A8423EDEB834840,
2,874,6576,1,,,,,1,1,0,220.0000000000000000,1,,,,DE,50,0101000020E610000099068F801B6B224029C5D853BC834840,
2,875,7240,1,,,,,1,1,0,220.0000000000000000,1,,,,DE,50,0101000020E6100000A53CA9E5BD4822403259DC7F64914840,
2,876,7517,1,,,,,1,1,0,220.0000000000000000,1,,,,DE,50,0101000020E6100000AC64B61AC84D224058FBE02131924840,
2,877,6641,1,,,,,1,1,0,220.0000000000000000,1,,,,DE,50,0101000020E6100000530031AE5D6B224047A34CB4F5834840,
2,878,6603,1,,,,,1,1,0,220.0000000000000000,1,,,,DE,50,0101000020E6100000D3270351413320400C6366FA805A4840,
2,879,6595,1,,,,,1,1,0,220.0000000000000000,1,,,,DE,50,0101000020E6100000BE512B4CDF7F20404CC054D8B16C4840,
2,880,6596,1,,,,,1,1,0,220.0000000000000000,1,,,,DE,50,0101000020E6100000805D972BCD7F204036A094FF7F6C4840,
2,881,5768,1,,,,,1,1,0,380.0000000000000000,1,,,,DE,50,0101000020E610000013E0AAA1C3EA1940C08C73E5FDF54840,
2,882,5913,1,,,,,1,1,0,380.0000000000000000,1,,,,DE,50,0101000020E6100000BD48B258D4211A40B60B170335324940,
2,883,6756,1,,,,,1,1,0,220.0000000000000000,1,,,,DE,50,0101000020E6100000C17630629F601C401AAFD40EDA694940,
2,884,5869,1,,,,,1,1,0,380.0000000000000000,1,,,,DE,50,0101000020E610000051C5E8143FF1194019C8B3CBB7704940,
2,885,5918,1,,,,,1,1,0,380.0000000000000000,1,,,,DE,50,0101000020E6100000E7768AB03CDB184047150F39C7784940,
2,886,6788,1,,,,,1,1,0,220.0000000000000000,1,,,,DE,50,0101000020E6100000C6D67D117E0B1C40275F1AD01CB14840,
2,887,6787,1,,,,,1,1,0,220.0000000000000000,1,,,,DE,50,0101000020E610000031CBE89150041C400740811C39B04840,
2,888,4862,1,,,,,1,1,0,220.0000000000000000,1,,,,DE,50,0101000020E6100000208EBFFE35121B409107C7D1C1A44840,
2,889,6804,1,,,,,1,1,0,220.0000000000000000,1,,,,DE,50,0101000020E61000008DDE5FF360A1204089CB9651D1804840,
2,890,7089,1,,,,,1,1,0,220.0000000000000000,1,,,,DE,50,0101000020E6100000EDB4DA68A5D92040F3BEE0890F7B4840,
2,891,6571,1,,,,,1,1,0,220.0000000000000000,1,,,,DE,50,0101000020E6100000791508F137882040570339CDA7834840,
2,892,6570,1,,,,,1,1,0,220.0000000000000000,1,,,,DE,50,0101000020E6100000EAAD26F49F8A2040F33E8EE6C8834840,
2,893,7198,1,,,,,1,1,0,220.0000000000000000,1,,,,DE,50,0101000020E6100000D691239D810121404E49D6E1E8B84840,
2,894,6609,1,,,,,1,1,0,220.0000000000000000,1,,,,DE,50,0101000020E6100000C11259B5B51321407104A9143BB94840,
2,895,6610,1,,,,,1,1,0,220.0000000000000000,1,,,,DE,50,0101000020E6100000F5CAAB297F152140D8E8E62CFDB74840,
2,896,6934,1,,,,,1,1,0,220.0000000000000000,1,,,,DE,50,0101000020E61000005F190A8E811721409AD76C40DFB74840,
2,897,6716,1,,,,,1,1,0,220.0000000000000000,1,,,,DE,50,0101000020E6100000DEC5A0B888D82040C4036FEDE9D14840,
2,898,6605,1,,,,,1,1,0,220.0000000000000000,1,,,,DE,50,0101000020E61000009A83FB5CC8D620409661DC0DA2D14840,
2,899,6932,1,,,,,1,1,0,220.0000000000000000,1,,,,DE,50,0101000020E61000000E654DD136E31E40FEA4356156BE4840,
2,900,6933,1,,,,,1,1,0,220.0000000000000000,1,,,,DE,50,0101000020E61000001F51A1BAB9481D40B249230B3DA74840,
2,901,6635,1,,,,,1,1,0,220.0000000000000000,1,,,,DE,50,0101000020E6100000FF6AC482B1441D40DE2230D637A74840,
2,902,7084,1,,,,,1,1,0,220.0000000000000000,1,,,,DE,50,0101000020E61000006A705B5B78F61C4030794D5997AD4840,
2,903,6938,1,,,,,1,1,0,220.0000000000000000,1,,,,DE,50,0101000020E61000000C5FBAA4C54021405988B3C7B0AD4840,
2,904,6483,1,,,,,1,1,0,380.0000000000000000,1,,,,DE,50,0101000020E61000005FCF7C7324F823407AC0E1AA57CD4840,
2,905,6489,1,,,,,1,1,0,380.0000000000000000,1,,,,DE,50,0101000020E6100000AC21718FA55F244013C3691C45FD4840,
2,906,6208,1,,,,,1,1,0,380.0000000000000000,1,,,,DE,50,0101000020E61000004DC2853C829F2140E9C138132E1A4940,
2,907,5962,1,,,,,1,1,0,380.0000000000000000,1,,,,DE,50,0101000020E6100000CEC47421563F2640F8915B936E7F4940,
2,908,6131,1,,,,,1,1,0,380.0000000000000000,1,,,,DE,50,0101000020E61000009407D8FD194026408FCAA88D457F4940,
2,909,6103,1,,,,,1,1,0,380.0000000000000000,1,,,,DE,50,0101000020E61000006BED22F1973F2640F7949C137B7F4940,
2,910,6453,1,,,,,1,1,0,380.0000000000000000,1,,,,DE,50,0101000020E610000005847B0A25FC25402C4A09C1AA494940,
2,911,5809,1,,,,,1,1,0,380.0000000000000000,1,,,,DE,50,0101000020E6100000A6D590B8C7DA2C408B4FA6762BF24940,
2,912,5997,1,,,,,1,1,0,380.0000000000000000,1,,,,DE,50,0101000020E6100000B851AE3ABC052D400CF1A375AF144A40,
2,913,5915,1,,,,,1,1,0,380.0000000000000000,1,,,,DE,50,0101000020E61000009B0FBEE60B342D405075C8CD70164A40,
2,914,5748,1,,,,,1,1,0,380.0000000000000000,1,,,,DE,50,0101000020E6100000119EBFBFF76D2B4085DED1B5E5444A40,
2,915,195,1,,,,,1,1,0,380.0000000000000000,1,,,,DE,50,0101000020E610000071A076AEDE8F2A407E8E8F1667434A40,
2,916,5934,1,,,,,1,1,0,380.0000000000000000,1,,,,DE,50,0101000020E6100000317F85CC95492740DBC534D3BD224A40,
2,917,6094,1,,,,,1,1,0,380.0000000000000000,1,,,,DE,50,0101000020E610000025EA059FE6742740DF8FDB2F9F484A40,
2,918,6918,1,,,,,1,1,0,220.0000000000000000,1,,,,DE,50,0101000020E6100000F0969AF342E42940FC66AC472B484A40,
2,919,6724,1,,,,,1,1,0,220.0000000000000000,1,,,,DE,50,0101000020E61000008BD46AFE4EE52940647F34F7EB474A40,
2,920,861,1,,,,,1,1,0,220.0000000000000000,1,,,,DE,50,0101000020E61000004AFA6AFDE30B2B40FDE9F5DD63364A40,
2,921,862,1,,,,,1,1,0,220.0000000000000000,1,,,,DE,50,0101000020E6100000D5F434BB49032B408E6AC7C331374A40,
2,922,6704,1,,,,,1,1,0,220.0000000000000000,1,,,,DE,50,0101000020E61000008FECA584BB022B405A2A148EC53C4A40,
2,923,7155,1,,,,,1,1,0,220.0000000000000000,1,,,,DE,50,0101000020E6100000D5F434BB49032B408E6AC7C331374A40,
2,924,7154,1,,,,,1,1,0,220.0000000000000000,1,,,,DE,50,0101000020E61000004AFA6AFDE30B2B40FDE9F5DD63364A40,
2,925,5926,1,,,,,1,1,0,380.0000000000000000,1,,,,DE,50,0101000020E6100000684DE262FB3B2840628D0EA37BC14940,
2,926,6083,1,,,,,1,1,0,380.0000000000000000,1,,,,DE,50,0101000020E610000009E819564CC82740B1C56E9F55B44940,
2,927,3663,1,,,,,1,1,0,380.0000000000000000,1,,,,DE,50,0101000020E61000000F6844C4280B2B4074AC9C07C1424A40,
2,928,3665,1,,,,,1,1,0,380.0000000000000000,1,,,,DE,50,0101000020E6100000ADA580B4FF112B40829EBC7E77434A40,
2,929,5778,1,,,,,1,1,0,380.0000000000000000,1,,,,DE,50,0101000020E6100000CD63288293042D401A6F2BBD36B54940,
2,930,5802,1,,,,,1,1,0,380.0000000000000000,1,,,,DE,50,0101000020E61000003A1389F83D042D40F8D50BF43FB54940,
2,931,5845,1,,,,,1,1,0,380.0000000000000000,1,,,,DE,50,0101000020E610000020D1A9D0E5A62940C747307A13544940,
2,932,5921,1,,,,,1,1,0,380.0000000000000000,1,,,,DE,50,0101000020E6100000BA354470B7C329401F9B898E89424940,
2,933,5842,1,,,,,1,1,0,380.0000000000000000,1,,,,DE,50,0101000020E61000008B4A34924E92294012082A9952504940,
2,934,6909,1,,,,,1,1,0,220.0000000000000000,1,,,,DE,50,0101000020E610000042FADCBF68492740FA426DC08C444940,
2,935,6900,1,,,,,1,1,0,220.0000000000000000,1,,,,DE,50,0101000020E610000077A96CB30C4827403287EEA364444940,
2,936,6964,1,,,,,1,1,0,220.0000000000000000,1,,,,DE,50,0101000020E6100000F005C13E954627409A58857247444940,
2,937,6962,1,,,,,1,1,0,220.0000000000000000,1,,,,DE,50,0101000020E6100000775D09EE514927400B557B2299444940,
2,938,6907,1,,,,,1,1,0,220.0000000000000000,1,,,,DE,50,0101000020E61000008FC4CBD3B9F22640BEA9A33E244D4940,
2,939,6621,1,,,,,1,1,0,220.0000000000000000,1,,,,DE,50,0101000020E6100000F2DA00C7F9F226407C5688FD544D4940,
2,940,6622,1,,,,,1,1,0,220.0000000000000000,1,,,,DE,50,0101000020E6100000FADDCF8481F22640DB1B7C61324D4940,
2,941,6901,1,,,,,1,1,0,220.0000000000000000,1,,,,DE,50,0101000020E61000004D3A803452F126403552A51C824C4940,
2,942,6066,1,,,,,1,1,0,380.0000000000000000,1,,,,DE,50,0101000020E61000004BABC6B71CDC2640DFC66647AA744940,
2,943,7435,1,,,,,1,1,0,220.0000000000000000,1,,,,DE,50,0101000020E610000003452C62D8E92140363FFED2A20A4940,
2,944,7436,1,,,,,1,1,0,220.0000000000000000,1,,,,DE,50,0101000020E6100000562536C41DE821409D14E63DCE0A4940,
2,945,7524,1,,,,,1,1,0,220.0000000000000000,1,,,,DE,50,0101000020E61000004FFA8C5594E82140B79FE7AAD40A4940,
2,946,7569,1,,,,,1,1,0,220.0000000000000000,1,,,,DE,50,0101000020E610000030FA658BFFE6214072B499F9C40A4940,
2,947,7522,1,,,,,1,1,0,220.0000000000000000,1,,,,DE,50,0101000020E61000005ADAA9B9DCE82140836DC493DD0A4940,
2,948,6500,1,,,,,1,1,0,380.0000000000000000,1,,,,DE,50,0101000020E610000006DF8F36E9BD26400006DDB98B254840,
2,949,6144,1,,,,,1,1,0,380.0000000000000000,1,,,,DE,50,0101000020E6100000F0C0A50815A5274051FFB4AC561D4840,
2,950,6204,1,,,,,1,1,0,380.0000000000000000,1,,,,DE,50,0101000020E61000005652DD126FA727400F0B5AED061D4840,
2,951,6437,1,,,,,1,1,0,380.0000000000000000,1,,,,DE,50,0101000020E61000003184F7B072A7274072570ADC151D4840,
2,952,6435,1,,,,,1,1,0,380.0000000000000000,1,,,,DE,50,0101000020E6100000EBD44B42D8BB2740770C3444BA1A4840,
2,953,539,1,,,,,1,1,0,380.0000000000000000,1,,,,DE,50,0101000020E6100000D1D5B1A5A2DC2640C063D3A5DA164840,
2,954,538,1,,,,,1,1,0,380.0000000000000000,1,,,,DE,50,0101000020E61000002ED967846DDE2640ED74D65D8F164840,
2,955,2191,1,,,,,1,1,0,380.0000000000000000,1,,,,DE,50,0101000020E6100000D1D5B1A5A2DC2640C063D3A5DA164840,
2,956,6093,1,,,,,1,1,0,380.0000000000000000,1,,,,DE,50,0101000020E61000000EE0884913CA24408BA658DA4E424840,
2,957,6373,1,,,,,1,1,0,380.0000000000000000,1,,,,DE,50,0101000020E61000001E256541175721408B2CE3F093A74840,
2,958,5980,1,,,,,1,1,0,380.0000000000000000,1,,,,DE,50,0101000020E6100000D0059A7400D92040D5450A65E1D04840,
2,959,6310,1,,,,,1,1,0,380.0000000000000000,1,,,,DE,50,0101000020E610000008F1DCD671D720409DFE4701FDD84840,
2,960,5758,1,,,,,1,1,0,380.0000000000000000,1,,,,DE,50,0101000020E6100000246CD33318DA2040572426A8E1D94840,
2,961,5759,1,,,,,1,1,0,380.0000000000000000,1,,,,DE,50,0101000020E61000002E1B423AE1DA204017E7B9CF3BDA4840,
2,962,5982,1,,,,,1,1,0,380.0000000000000000,1,,,,DE,50,0101000020E6100000105432A59ADA20408795C09C8FDA4840,
2,963,5970,1,,,,,1,1,0,380.0000000000000000,1,,,,DE,50,0101000020E61000005521D4FB7CD62040B40CCC65FEDA4840,
2,964,6405,1,,,,,1,1,0,380.0000000000000000,1,,,,DE,50,0101000020E6100000D1DECFDF3AA51E403833FAD170314940,
2,965,5760,1,,,,,1,1,0,380.0000000000000000,1,,,,DE,50,0101000020E6100000C54F2D6C17641E4048D1B99168314940,
2,966,6666,1,,,,,1,1,0,220.0000000000000000,1,,,,DE,50,0101000020E61000008D310B4856791F409B1D4E0581624940,
2,967,7205,1,,,,,1,1,0,220.0000000000000000,1,,,,DE,50,0101000020E61000001192054CE08E1F40EB4A15D6D7624940,
2,968,7429,1,,,,,1,1,0,220.0000000000000000,1,,,,DE,50,0101000020E61000001A17B3CAF13F1C404D327216F6D74940,
2,969,7100,1,,,,,1,1,0,220.0000000000000000,1,,,,DE,50,0101000020E6100000A873452921401C40768F6CAE9AD74940,
2,970,7036,1,,,,,1,1,0,220.0000000000000000,1,,,,DE,50,0101000020E6100000C447C494489A1A40291C8BB7DFC64940,
2,971,7103,1,,,,,1,1,0,220.0000000000000000,1,,,,DE,50,0101000020E6100000BCD7A436CCE318401ABCF957A0D84940,
2,972,6000,1,,,,,1,1,0,380.0000000000000000,1,,,,DE,50,0101000020E61000005431DF0BDD3E1D4069931EE10F3D4A40,
2,973,6007,1,,,,,1,1,0,380.0000000000000000,1,,,,DE,50,0101000020E6100000DA05836BEE381D40D266E613C33D4A40,
2,974,6191,1,,,,,1,1,0,380.0000000000000000,1,,,,DE,50,0101000020E610000090E44DD944F11D40DC32E02C25FA4940,
2,975,6233,1,,,,,1,1,0,380.0000000000000000,1,,,,DE,50,0101000020E6100000DAA3816962531F40B46B8CE77DE04940,
2,976,5931,1,,,,,1,1,0,380.0000000000000000,1,,,,DE,50,0101000020E61000002BBC708C09561F405394F029A5E04940,
2,977,5960,1,,,,,1,1,0,380.0000000000000000,1,,,,DE,50,0101000020E610000008D968EF42F91F40C8E9904028E94940,
2,978,5930,1,,,,,1,1,0,380.0000000000000000,1,,,,DE,50,0101000020E610000078FB62A538F51F4019AA07718AD74940,
2,979,5799,1,,,,,1,1,0,380.0000000000000000,1,,,,DE,50,0101000020E61000000D3A2174D04D1F4005E5113702E04940,
2,980,5800,1,,,,,1,1,0,380.0000000000000000,1,,,,DE,50,0101000020E61000007905476EF2D01E403AF0C572A6D74940,
2,981,5942,1,,,,,1,1,0,380.0000000000000000,1,,,,DE,50,0101000020E6100000BF2F2E5569D31E40281994C4EDD64940,
2,982,6219,1,,,,,1,1,0,380.0000000000000000,1,,,,DE,50,0101000020E6100000C985B9933E6B1D40833D810B0DC84940,
2,983,5974,1,,,,,1,1,0,380.0000000000000000,1,,,,DE,50,0101000020E61000009D5C9DADCDB01D40CEDD53DE33BB4940,
2,984,5782,1,,,,,1,1,0,380.0000000000000000,1,,,,DE,50,0101000020E6100000D384926EF0B21D40E734B0FAC8BA4940,
2,985,6825,1,,,,,1,1,0,220.0000000000000000,1,,,,DE,50,0101000020E610000054C14DEBDBB61D40423D224B8BBA4940,
2,986,6637,1,,,,,1,1,0,220.0000000000000000,1,,,,DE,50,0101000020E61000006E6C1BEB87AD1D407B8BE2B08FBA4940,
2,987,5972,1,,,,,1,1,0,380.0000000000000000,1,,,,DE,50,0101000020E61000004951C2A794AA1D404549EDEAFABA4940,
2,988,5781,1,,,,,1,1,0,380.0000000000000000,1,,,,DE,50,0101000020E6100000705E413FF8AD1D400B4ED8D9EBBA4940,
2,989,6731,1,,,,,1,1,0,220.0000000000000000,1,,,,DE,50,0101000020E610000047AC6AEE8D0E1D405653ED2EABC94940,
2,990,6840,1,,,,,1,1,0,220.0000000000000000,1,,,,DE,50,0101000020E6100000B2C9D067F65F1D40CE0182397ACE4940,
2,991,6867,1,,,,,1,1,0,220.0000000000000000,1,,,,DE,50,0101000020E61000004BA995534C771D40436D65D35BD04940,
2,992,7083,1,,,,,1,1,0,220.0000000000000000,1,,,,DE,50,0101000020E610000044A04495AB791D406F9EEA909BD04940,
2,993,7327,1,,,,,1,1,0,220.0000000000000000,1,,,,DE,50,0101000020E6100000D8BA794F8AD31D40CF2AD8EB82D44940,
2,994,6871,1,,,,,1,1,0,220.0000000000000000,1,,,,DE,50,0101000020E61000008D9B1A683EA71D40ACE9D55B5ED24940,
2,995,5950,1,,,,,1,1,0,380.0000000000000000,1,,,,DE,50,0101000020E6100000DFE4B7E864F12040C175C58CF0B64A40,
2,996,5949,1,,,,,1,1,0,380.0000000000000000,1,,,,DE,50,0101000020E610000030EDE588C6D82040F53B03D9A19D4A40,
2,997,6046,1,,,,,1,1,0,380.0000000000000000,1,,,,DE,50,0101000020E610000044108C289220214015FEB1B563844A40,
2,998,5805,1,,,,,1,1,0,380.0000000000000000,1,,,,DE,50,0101000020E610000071B378B130C41C40C5025FD1AD6F4A40,
2,999,7057,1,,,,,1,1,0,220.0000000000000000,1,,,,DE,50,0101000020E610000038BEF6CC92D01A40BE1CD198A48B4940,
2,1000,6573,1,,,,,1,1,0,220.0000000000000000,1,,,,DE,50,0101000020E6100000EEE2474618801A40038FB97C35874940,
2,1001,7049,1,,,,,1,1,0,220.0000000000000000,1,,,,DE,50,0101000020E610000019247D5A45171A40B8CD548847A94940,
2,1002,6827,1,,,,,1,1,0,220.0000000000000000,1,,,,DE,50,0101000020E6100000082E45A8084E1A405AB9BCDEA2B64940,
2,1003,6828,1,,,,,1,1,0,220.0000000000000000,1,,,,DE,50,0101000020E61000003AE40BFF8E551A40B7A62F3A0FB84940,
2,1004,7201,1,,,,,1,1,0,220.0000000000000000,1,,,,DE,50,0101000020E6100000EDA584BB0EC01940F7DBE8ADCB9D4940,
2,1005,7285,1,,,,,1,1,0,220.0000000000000000,1,,,,DE,50,0101000020E61000005E328E91EC092140ADB13A28179A4A40,
2,1006,7284,1,,,,,1,1,0,220.0000000000000000,1,,,,DE,50,0101000020E61000000F1CE1FE6D1421405426906D749D4A40,
2,1007,6332,1,,,,,1,1,0,380.0000000000000000,1,,,,DE,50,0101000020E6100000D2CF2FA5895E24406E8C9DF012274A40,
2,1008,6334,1,,,,,1,1,0,380.0000000000000000,1,,,,DE,50,0101000020E610000095641D8EAE622440912C6002B7264A40,
2,1009,7950,1,,,,,1,1,0,220.0000000000000000,1,,,35176751,DE,50,0101000020E6100000D2261C94FF7223406B37570AE6244B40,Audorf
2,1010,8065,1,,,,,1,1,0,380.0000000000000000,1,,,87952821,DE,50,0101000020E6100000F229077EEAA22240E65B0382A75B4B40,Flensburg
2,1011,4883,1,,,,,1,1,0,380.0000000000000000,1,,,0,DK,50,0101000020E610000054ECC3D55CA522408CBA7B2535674B40,
2,1012,7940,1,,,,,1,1,0,380.0000000000000000,1,,,33148774,DE,50,0101000020E6100000FB089B4C38742340E1E28F484D254B40,Audorf
2,1013,7939,1,,,,,1,1,0,220.0000000000000000,1,,,33148774,DE,50,0101000020E6100000FB089B4C38742340E1E28F484D254B40,Audorf
2,1014,7844,1,,,,,1,1,0,220.0000000000000000,1,,,27646106,DE,50,0101000020E61000007AED31D1ED1E24409553E785A42C4B40,Umspannwerk Kiel West
2,1015,7841,1,,,,,1,1,0,220.0000000000000000,1,,,27124619,DE,50,0101000020E61000006D5ECE420450244068AD782A45234B40,Kiel-Süd
2,1016,7852,1,,,,,1,1,0,220.0000000000000000,1,,,28008024,DE,50,0101000020E6100000F7CBC97921FA2340B9ED066315E24A40,Hamburg Nord
2,1017,8119,1,,,,,1,1,0,220.0000000000000000,1,,,130794504,DE,50,0101000020E61000006380D3776E4825406764811FA7F54A40,Lübeck
2,1018,7853,1,,,,,1,1,0,380.0000000000000000,1,,,28008024,DE,50,0101000020E6100000F7CBC97921FA2340B9ED066315E24A40,Hamburg Nord
2,1019,7774,1,,,,,1,1,0,380.0000000000000000,1,,,24502420,DE,50,0101000020E61000001438FC94EA0023401A05EEF07AC54A40,Dollern
2,1020,7860,1,,,,,1,1,0,380.0000000000000000,1,,,28502915,DE,50,0101000020E61000008095758484B02240318ADDC1FEF54A40,Umspannwerk Wilster
2,1021,8060,1,,,,,1,1,0,380.0000000000000000,1,,,87722999,DE,50,0101000020E61000001EDB7E0121B022405E28860B07ED4A40,Brokdorf
2,1022,8059,1,,,,,1,1,0,220.0000000000000000,1,,,87722999,DE,50,0101000020E61000001EDB7E0121B022405E28860B07ED4A40,Brokdorf
2,1023,8032,1,,,,,1,1,0,220.0000000000000000,1,,,60032354,DE,50,0101000020E6100000603F44C436E62240A569680BD0FB4A40,Itzehoe/West
2,1024,7896,1,,,,,1,1,0,220.0000000000000000,1,,,30622610,DE,50,0101000020E610000033C865007A6722405C4919AE94F24A40,Umspannwerk Kernkraftwerk Brunsbüttel
2,1025,7897,1,,,,,1,1,0,380.0000000000000000,1,,,30622610,DE,50,0101000020E610000033C865007A6722405C4919AE94F24A40,Umspannwerk Kernkraftwerk Brunsbüttel
2,1026,7694,1,,,,,1,1,0,380.0000000000000000,1,,,22720647,DE,50,0101000020E6100000A43FE0C91EF82340F83E914EDDDE4A40,Umspannwerk Hamburg-Nord
2,1027,7693,1,,,,,1,1,0,220.0000000000000000,1,,,22720647,DE,50,0101000020E6100000A43FE0C91EF82340F83E914EDDDE4A40,Umspannwerk Hamburg-Nord
2,1028,7734,1,,,,,1,1,0,380.0000000000000000,1,,,23583867,DE,50,0101000020E61000005FE8E67EA4502440AC7FA86B0EC74A40,Umspannwerk Hamburg/Ost
2,1029,7688,1,,,,,1,1,0,380.0000000000000000,1,,,11285720,DE,50,0101000020E61000004684547854D12340A21BCE4F78BE4A40,Umspannwerk Hamburg/Süd
2,1030,7729,1,,,,,1,1,0,380.0000000000000000,1,,,23366603,DE,50,0101000020E6100000FDF942E479D4244022EC504DD0B44A40,Krümmel
2,1031,7856,1,,,,,1,1,0,380.0000000000000000,1,,,28327356,DE,50,0101000020E6100000B267A139EEC12440DA676F2B229C4A40,Lüneburg
2,1032,7857,1,,,,,1,1,0,380.0000000000000000,1,,,28343121,DE,50,0101000020E6100000AA65BCDDAFC32440B91F7093227F4A40,Stadorf
2,1033,7753,1,,,,,1,1,0,380.0000000000000000,1,,,24262656,DE,50,0101000020E6100000FE61C76488BB2440A17AF24D6F244A40,Wahle
2,1034,7744,1,,,,,1,1,0,380.0000000000000000,1,,,23899043,DE,50,0101000020E6100000209C009698D52340FA77B2079B234A40,Algermissen
2,1035,7760,1,,,,,1,1,0,380.0000000000000000,1,,,24413992,DE,50,0101000020E6100000E29BDDAC8CC7224063F5093A5E034A40,UW Grohnde 380 kV / 110 kV
2,1036,7994,1,,,,,1,1,0,380.0000000000000000,1,,,42681484,DE,50,0101000020E610000053810A0EC87422400AC3FF78FEE74940,Vörden
2,1037,8238,1,,,,,1,1,0,380.0000000000000000,1,,,274630377,DE,50,0101000020E61000001E8EE63B7AC6224010D24E8E03D24940,Umspannanlage Würgassen
2,1038,8237,1,,,,,1,1,0,220.0000000000000000,1,,,274630377,DE,50,0101000020E61000001E8EE63B7AC6224010D24E8E03D24940,Umspannanlage Würgassen
2,1039,8200,1,,,,,1,1,0,220.0000000000000000,1,,,172997498,DE,50,0101000020E61000007AEACE335B222340FDEC7208A2A94940,Sandershausen
2,1040,7872,1,,,,,1,1,0,220.0000000000000000,1,,,29103809,DE,50,0101000020E61000006A3708EEFEC32340B20C7826FCC14940,Umspannwerk Rosdorf
2,1041,8001,1,,,,,1,1,0,220.0000000000000000,1,,,43072656,DE,50,0101000020E61000009022A8DDE9B32340454421DD16D34940,Hardegsen
2,1042,7938,1,,,,,1,1,0,220.0000000000000000,1,,,33042984,DE,50,0101000020E6100000A42D029617D62340B9E4C3B7A3304A40,TenneT TSO GmbH - Betriebszentrum Lehrte
2,1043,7889,1,,,,,1,1,0,220.0000000000000000,1,,,30109913,DE,50,0101000020E610000095C3A1713C9823403F89E77F1B004A40,Godenau
2,1044,8236,1,,,,,1,1,0,220.0000000000000000,1,,,274621059,DE,50,0101000020E6100000E842D30CE02C2440E584F23256284A40,Mehrum (220 kV)
2,1045,7741,1,,,,,1,1,0,220.0000000000000000,1,,,23816140,DE,50,0101000020E610000091FCB4A4A6A42340739977A861364A40,Lahe
2,1046,7739,1,,,,,1,1,0,220.0000000000000000,1,,,23719884,DE,50,0101000020E610000075B0260C1EC82340C4DE5A24C82E4A40,Umspannwerk Anderten
2,1047,7855,1,,,,,1,1,0,220.0000000000000000,1,,,28227099,DE,50,0101000020E6100000975831BC0BBD2440C883184963154A40,Salzgitter-Hallendorf
2,1048,8092,1,,,,,1,1,0,220.0000000000000000,1,,,97857512,DE,50,0101000020E61000000040D64E3DD72440CA59E04925154A40,
2,1049,8149,1,,,,,1,1,0,220.0000000000000000,1,,,151507370,DE,50,0101000020E6100000C77CEAD5E5C6244097D05BED5F134A40,
2,1050,7886,1,,,,,1,1,0,220.0000000000000000,1,,,30017786,DE,50,0101000020E61000007469B209CED62440369161BA541E4A40,Gleidingen 220 kV
2,1051,7752,1,,,,,1,1,0,220.0000000000000000,1,,,24262656,DE,50,0101000020E6100000FE61C76488BB2440A17AF24D6F244A40,Wahle
2,1052,7758,1,,,,,1,1,0,220.0000000000000000,1,,,24272541,DE,50,0101000020E6100000E0654CCAD00225400EC7FD9FA2264A40,Umspannwerk Braunschweig Nord
2,1053,7830,1,,,,,1,1,0,220.0000000000000000,1,,,26437278,DE,50,0101000020E6100000EFD5C33963C62340FAB1DB684B3F4A40,Burgwedel
2,1054,7854,1,,,,,1,1,0,220.0000000000000000,1,,,28074940,DE,50,0101000020E6100000F3E5860EA0FC2240D74A81679C4C4A40,Büren
2,1055,7864,1,,,,,1,1,0,220.0000000000000000,1,,,28921360,DE,50,0101000020E6100000860AC2ACF6392240457C96FC9C454A40,Umspannwerk Kraftwerk Robert Frank
2,1056,7865,1,,,,,1,1,0,380.0000000000000000,1,,,28921360,DE,50,0101000020E6100000860AC2ACF6392240457C96FC9C454A40,Umspannwerk Kraftwerk Robert Frank
2,1057,7846,1,,,,,1,1,0,380.0000000000000000,1,,,27739871,DE,50,0101000020E6100000E8D5F5D422402240599553D6E5444A40,Landesbergen
2,1058,8107,1,,,,,1,1,0,380.0000000000000000,1,,,113047581,DE,50,0101000020E6100000FC51D890878022403562D7B7A58E4A40,Sottrum
2,1059,8106,1,,,,,1,1,0,220.0000000000000000,1,,,113047581,DE,50,0101000020E6100000FC51D890878022403562D7B7A58E4A40,Sottrum
2,1060,7876,1,,,,,1,1,0,220.0000000000000000,1,,,29344008,DE,50,0101000020E610000004A84A69280F2340CD7D6D163BCF4A40,Stade
2,1061,7773,1,,,,,1,1,0,220.0000000000000000,1,,,24502420,DE,50,0101000020E61000001438FC94EA0023401A05EEF07AC54A40,Dollern
2,1062,8150,1,,,,,1,1,0,220.0000000000000000,1,,,151765495,DE,50,0101000020E610000008EE5263CDF922405B12B9B97AD14A40,Götzdorf
2,1063,8224,1,,,,,1,1,0,220.0000000000000000,1,,,229500139,DE,50,0101000020E6100000764A8101D1FE2240516648BADBD14A40,DOW
2,1064,7937,1,,,,,1,1,0,220.0000000000000000,1,,,33017336,DE,50,0101000020E610000086F0D74FA7FB2240F6B3B9903CD44A40,Abbenfleth
2,1065,7809,1,,,,,1,1,0,220.0000000000000000,1,,,25306938,DE,50,0101000020E6100000085F2B4A978D2340B0B0C8BC66D84A40,Kummerfeld
2,1066,7863,1,,,,,1,1,0,220.0000000000000000,1,,,28812249,DE,50,0101000020E6100000393F80A0544A2240E8BB002E376D4A40,Wechold
2,1067,8225,1,,,,,1,1,0,220.0000000000000000,1,,,229565743,DE,50,0101000020E61000000861054EDAA32140E63A8CE6BE8D4A40,Umspannwerk Blockland
2,1068,7785,1,,,,,1,1,0,220.0000000000000000,1,,,24715748,DE,50,0101000020E61000000BA10CE2AA092140B7C515F4EF994A40,Umspannwerk Farge
2,1069,7786,1,,,,,1,1,0,380.0000000000000000,1,,,24715748,DE,50,0101000020E61000000BA10CE2AA092140B7C515F4EF994A40,Umspannwerk Farge
2,1070,7913,1,,,,,1,1,0,380.0000000000000000,1,,,31927411,DE,50,0101000020E61000000450569638232240A2CFEEB487C84A40,Alfstedt
2,1071,8233,1,,,,,1,1,0,380.0000000000000000,1,,,266684854,DE,50,0101000020E6100000E3132E1EE6072140D38F5DFA189A4A40,Umspannwerk Farge
2,1072,8005,1,,,,,1,1,0,380.0000000000000000,1,,,44717036,DE,50,0101000020E6100000B85DA61DEC632140A02D4639D88B4A40,Niedervieland
2,1073,7772,1,,,,,1,1,0,380.0000000000000000,1,,,24493551,DE,50,0101000020E610000027B2FF0EA3202140A87B0D740F844A40,Ganderkesee
2,1074,7934,1,,,,,1,1,0,380.0000000000000000,1,,,32904794,DE,50,0101000020E6100000A0D2348F68CE20400C63E3D0084E4A40,Station Sankt Hülfe
2,1075,7943,1,,,,,1,1,0,380.0000000000000000,1,,,33411203,DE,50,0101000020E610000049E3F251929D2040A1B40DCA3D2C4A40,Wehrendorf
2,1076,8111,1,,,,,1,1,0,380.0000000000000000,1,,,114319248,DE,50,0101000020E6100000CFD12535ED8E1F409FB4C3BC81234A40,Station Westerkappeln
2,1077,8110,1,,,,,1,1,0,220.0000000000000000,1,,,114319248,DE,50,0101000020E6100000CFD12535ED8E1F409FB4C3BC81234A40,Station Westerkappeln
2,1078,7882,1,,,,,1,1,0,220.0000000000000000,1,,,29472852,DE,50,0101000020E610000064F705931FE71E4003A5861F7B234A40,Station Ibbenbüren
2,1079,7962,1,,,,,1,1,0,220.0000000000000000,1,,,37764852,DE,50,0101000020E610000059723845BD3520405F945851D3214A40,Station Lüstringen
2,1080,7942,1,,,,,1,1,0,220.0000000000000000,1,,,33411203,DE,50,0101000020E610000049E3F251929D2040A1B40DCA3D2C4A40,Wehrendorf
2,1081,7933,1,,,,,1,1,0,220.0000000000000000,1,,,32904794,DE,50,0101000020E6100000A0D2348F68CE20400C63E3D0084E4A40,Station Sankt Hülfe
2,1082,7826,1,,,,,1,1,0,220.0000000000000000,1,,,26383042,DE,50,0101000020E61000008541064D7CBA2040BE8083E2ABF64940,Umspannwerk Blankenhagen
2,1083,7827,1,,,,,1,1,0,380.0000000000000000,1,,,26383042,DE,50,0101000020E61000008541064D7CBA2040BE8083E2ABF64940,Umspannwerk Blankenhagen
2,1084,7755,1,,,,,1,1,0,380.0000000000000000,1,,,24264701,DE,50,0101000020E6100000CA08EC5499512140798EAC39F3FF4940,Umspannwerk Bechterdissen
2,1085,7749,1,,,,,1,1,0,380.0000000000000000,1,,,24230738,DE,50,0101000020E6100000A52CA80A7C24214034C166997C0D4A40,Eickum
2,1086,7777,1,,,,,1,1,0,380.0000000000000000,1,,,24604789,DE,50,0101000020E61000001F9672631FE12140ACF9F19796334A40,Schaltanlage Ovenstädt
2,1087,8214,1,,,,,1,1,0,380.0000000000000000,1,,,202164315,DE,50,0101000020E610000062A809010FFE21405491225796304A40,KW Heyden
2,1088,7754,1,,,,,1,1,0,220.0000000000000000,1,,,24264701,DE,50,0101000020E6100000CA08EC5499512140798EAC39F3FF4940,Umspannwerk Bechterdissen
2,1089,7858,1,,,,,1,1,0,220.0000000000000000,1,,,28397771,DE,50,0101000020E610000091A525BE4BDD214039556576BE184A40,Veltheim
2,1090,8243,1,,,,,1,1,0,220.0000000000000000,1,,,288305056,DE,50,0101000020E61000003227F2D9C3A02140FFE6A340E1FD4940,Umspannwerk Lage
2,1091,7995,1,,,,,1,1,0,220.0000000000000000,1,,,42734372,DE,50,0101000020E61000002955416A74B62140C1A61D6F6E044A40,
2,1092,7837,1,,,,,1,1,0,220.0000000000000000,1,,,26611458,DE,50,0101000020E61000007A6A3697FA412140667EF7662FFF4940,Umspannwerk Bielefeld Ost
2,1093,7722,1,,,,,1,1,0,220.0000000000000000,1,,,23135618,DE,50,0101000020E6100000D227B0D607EB2140D42464B9A5234A40,Umspannwerk Meißen
2,1094,8190,1,,,,,1,1,0,220.0000000000000000,1,,,158253525,DE,50,0101000020E61000003E73FF21A3792140C4BFC7259FD94940,Umspannwerk Paderborn Süd
2,1095,7820,1,,,,,1,1,0,380.0000000000000000,1,,,25943440,DE,50,0101000020E61000002235792E89672140BBA551CD40DE4940,Umspannwerk Elsen
2,1096,7975,1,,,,,1,1,0,380.0000000000000000,1,,,41232144,DE,50,0101000020E61000002AA1AD4A4FFC2140621972BBE7AB4940,Umspannwerk Twistetal
2,1097,7976,1,,,,,1,1,0,400.0000000000000000,1,,,41232144,DE,50,0101000020E61000002AA1AD4A4FFC2140621972BBE7AB4940,Umspannwerk Twistetal
2,1098,8174,1,,,,,1,1,0,400.0000000000000000,1,,,156673636,DE,50,0101000020E61000000B835BF6CD842240F3B8B219BA874940,Umspannwerk Borken
2,1099,8173,1,,,,,1,1,0,380.0000000000000000,1,,,156673636,DE,50,0101000020E61000000B835BF6CD842240F3B8B219BA874940,Umspannwerk Borken
2,1100,8216,1,,,,,1,1,0,380.0000000000000000,1,,,202747445,DE,50,0101000020E610000044506EC72D502140B2494AA2824D4940,Umspannwerk Gießen Nord
2,1101,7775,1,,,,,1,1,0,380.0000000000000000,1,,,24536211,DE,50,0101000020E610000061FF330DCFF52040F4453448A34B4940,Umspannwerk Aßlar
2,1102,8161,1,,,,,1,1,0,380.0000000000000000,1,,,152403632,DE,50,0101000020E61000004C04EB2EAE741F409FBDE7BF55624940,Station Dauersberg
2,1103,7945,1,,,,,1,1,0,380.0000000000000000,1,,,33816726,DE,50,0101000020E610000094D50735097E1C405C9C1D9FF6954940,Station Halfeshof
2,1104,7697,1,,,,,1,1,0,380.0000000000000000,1,,,22761839,DE,50,0101000020E610000098E01A64DCDC1B40F02AEFC9DF884940,Station Opladen
2,1105,7696,1,,,,,1,1,0,220.0000000000000000,1,,,22761839,DE,50,0101000020E610000098E01A64DCDC1B40F02AEFC9DF884940,Station Opladen
2,1106,7698,1,,,,,1,1,0,220.0000000000000000,1,,,22764922,DE,50,0101000020E6100000DB14ACDF5AE71B407782FF19D0844940,Station Dhünnaue
2,1107,7695,1,,,,,1,1,0,220.0000000000000000,1,,,22761692,DE,50,0101000020E61000004B3A017953BD1B40FC71E6754A844940,UW Fühlingen
2,1325,4877,1,,,,,1,1,0,380.0000000000000000,1,,,0,CZ,50,0101000020E6100000BDA94885B1912940C49CA04D0ED74840,
2,1108,7797,1,,,,,1,1,0,220.0000000000000000,1,,,24839976,DE,50,0101000020E61000008DBE7C6A0ECF1A40C3C0A85A22814940,Station Rommerskirchen
2,1109,7798,1,,,,,1,1,0,380.0000000000000000,1,,,24839976,DE,50,0101000020E61000008DBE7C6A0ECF1A40C3C0A85A22814940,Station Rommerskirchen
2,1110,8091,1,,,,,1,1,0,380.0000000000000000,1,,,95434457,DE,50,0101000020E61000000FEDA99B19731A403EA7DA2A99844940,KW Neurath
2,1111,8222,1,,,,,1,1,0,380.0000000000000000,1,,,207488608,DE,50,0101000020E610000027E2B1DADF8A1A40CCA4735057844940,
2,1112,7851,1,,,,,1,1,0,380.0000000000000000,1,,,27919734,DE,50,0101000020E6100000F5A820B7B4D61A401E8230F2A38B4940,Station Gohrpunkt
2,1113,8014,1,,,,,1,1,0,380.0000000000000000,1,,,49577448,DE,50,0101000020E6100000D85BA0D251341B409B72545CAF8F4940,Station Sankt Peter 380 kV
2,1114,8096,1,,,,,1,1,0,380.0000000000000000,1,,,106096507,DE,50,0101000020E61000007C02FE68FD081C40264B7AFC4D964940,Station Ohligs
2,1115,8109,1,,,,,1,1,0,380.0000000000000000,1,,,113546939,DE,50,0101000020E6100000D772583296801C40F392001678B94940,Station Eiberg
2,1116,7716,1,,,,,1,1,0,380.0000000000000000,1,,,23067006,DE,50,0101000020E6100000FD433555327E1C40E82FCD4247C34940,Station Hüllen
2,1117,7869,1,,,,,1,1,0,380.0000000000000000,1,,,29077623,DE,50,0101000020E61000004DC93519C13D1C40E12AEB1F26D94940,Station Kusenhorst
2,1118,7714,1,,,,,1,1,0,380.0000000000000000,1,,,23022100,DE,50,0101000020E6100000EA8AF28CE3171C4071ED043716D04940,Station Polsum
2,1119,7759,1,,,,,1,1,0,380.0000000000000000,1,,,24280460,DE,50,0101000020E6100000437BAACE5DA01B406C626ADD59C84940,Station Nordlicht
2,1120,7801,1,,,,,1,1,0,380.0000000000000000,1,,,24921206,DE,50,0101000020E6100000C88FF84E00B51B40B49AE6F8E5BF4940,Station Büscherhof
2,1121,7825,1,,,,,1,1,0,380.0000000000000000,1,,,26291794,DE,50,0101000020E61000006F13DE78F8CA1B404C09C9F6E7B84940,Station Rosenblumendelle
2,1122,7800,1,,,,,1,1,0,220.0000000000000000,1,,,24921206,DE,50,0101000020E6100000C88FF84E00B51B40B49AE6F8E5BF4940,Station Büscherhof
2,1123,8148,1,,,,,1,1,0,220.0000000000000000,1,,,150267232,DE,50,0101000020E61000007EE5576B8FDE1B40A1792990D4BE4940,LMG
2,1124,7960,1,,,,,1,1,0,220.0000000000000000,1,,,37554416,DE,50,0101000020E61000004A9E78536C261B40DA52F4DDB5C04940,Station Hamborn
2,1125,7767,1,,,,,1,1,0,220.0000000000000000,1,,,24478889,DE,50,0101000020E6100000D3D04D2F6BDC1A40138241E26DC34940,Station Walsum
2,1126,7956,1,,,,,1,1,0,220.0000000000000000,1,,,35818137,DE,50,0101000020E6100000C1326959E9E31A4087A306AF69BD4940,Station Beeck
2,1127,7955,1,,,,,1,1,0,220.0000000000000000,1,,,35818134,DE,50,0101000020E6100000420FAC2BB2ED1A40A615990DCFBA4940,Station Ruhrort
2,1128,8228,1,,,,,1,1,0,220.0000000000000000,1,,,234950814,DE,50,0101000020E610000041823D810BD91A40FDA5EAC39FC34940,
2,1129,7768,1,,,,,1,1,0,220.0000000000000000,1,,,24479003,DE,50,0101000020E610000088EE3F6880BB1A409446AAC0AEC94940,Station Möllen
2,1130,7769,1,,,,,1,1,0,380.0000000000000000,1,,,24479003,DE,50,0101000020E610000088EE3F6880BB1A409446AAC0AEC94940,Station Möllen
2,1131,8045,1,,,,,1,1,0,380.0000000000000000,1,,,76185022,DE,50,0101000020E61000003C611E16E3C11A400D59013AC8C94940,Station Zensenbusch
2,1132,7731,1,,,,,1,1,0,380.0000000000000000,1,,,23380800,DE,50,0101000020E610000030DAE2C432781A4073BAC7B7E6BC4940,Station Utfort
2,1133,8098,1,,,,,1,1,0,380.0000000000000000,1,,,107271573,DE,50,0101000020E6100000B7850E7936D81A40AA43631D5AC34940,Walsum Block 10
2,1134,7730,1,,,,,1,1,0,220.0000000000000000,1,,,23380800,DE,50,0101000020E610000030DAE2C432781A4073BAC7B7E6BC4940,Station Utfort
2,1135,7771,1,,,,,1,1,0,220.0000000000000000,1,,,24479984,DE,50,0101000020E6100000C69632357FA01A40ED2E383B94B04940,Uerdingen
2,1136,8082,1,,,,,1,1,0,220.0000000000000000,1,,,91854336,DE,50,0101000020E610000060D1443923E51A407AF6491586AD4940,Station Mündelheim
2,1137,7770,1,,,,,1,1,0,220.0000000000000000,1,,,24479857,DE,50,0101000020E6100000FBE53C19DEB21A40EFD90B3598A94940,Station Gellep
2,1138,7795,1,,,,,1,1,0,220.0000000000000000,1,,,24799890,DE,50,0101000020E61000006AF71C0BD9801A40C5CD9DA95BA14940,Station Osterath
2,1139,7850,1,,,,,1,1,0,220.0000000000000000,1,,,27919734,DE,50,0101000020E6100000F5A820B7B4D61A401E8230F2A38B4940,Station Gohrpunkt
2,1140,8013,1,,,,,1,1,0,220.0000000000000000,1,,,49577401,DE,50,0101000020E6100000CD66414611351B40E114470EF98F4940,Station Sankt Peter 220 kV
2,1141,7912,1,,,,,1,1,0,220.0000000000000000,1,,,31762305,DE,50,0101000020E610000051ABD94E10171B401B30835AD4924940,Station Norf
2,1142,7723,1,,,,,1,1,0,220.0000000000000000,1,,,23140544,DE,50,0101000020E6100000FFF0E5CD53631B40A593D7D4509A4940,Station Eller
2,1143,7725,1,,,,,1,1,0,220.0000000000000000,1,,,23192640,DE,50,0101000020E610000060AA0EE202501B40F2175993D2944940,Station Reisholz
2,1144,8062,1,,,,,1,1,0,220.0000000000000000,1,,,87767098,DE,50,0101000020E6100000C597A6344DFE1B40A8C18698D69F4940,Station Mettmann
2,1145,8108,1,,,,,1,1,0,220.0000000000000000,1,,,113546939,DE,50,0101000020E6100000D772583296801C40F392001678B94940,Station Eiberg
2,1146,8040,1,,,,,1,1,0,220.0000000000000000,1,,,68549340,DE,50,0101000020E61000009847312DAFB71C4033712E1D71BC4940,Station Bochum
2,1147,7779,1,,,,,1,1,0,220.0000000000000000,1,,,24667346,DE,50,0101000020E6100000057B47E11D061E4065689F6267B34940,Umspannwerk Garenfeld
2,1148,8056,1,,,,,1,1,0,220.0000000000000000,1,,,83916207,DE,50,0101000020E6100000D362D07747D31E400DB7209DA8A34940,Elverlingsen
2,1149,8018,1,,,,,1,1,0,220.0000000000000000,1,,,51940126,DE,50,0101000020E6100000ADA96FF1C4E51E40563AC70F65B44940,Umspannwerk Bixterheide
2,1150,8171,1,,,,,1,1,0,220.0000000000000000,1,,,156398578,DE,50,0101000020E6100000DA283C150BDD1C403F12016A479C4940,Station Ronsdorf
2,1151,8120,1,,,,,1,1,0,220.0000000000000000,1,,,132814303,DE,50,0101000020E6100000DE53828BA4C01F402D5D8ABF5D814940,Station Altenkleusheim
2,1152,8070,1,,,,,1,1,0,220.0000000000000000,1,,,89043564,DE,50,0101000020E610000088631688B5F01F400E09700BCE6B4940,Station Eiserfeld
2,1153,8160,1,,,,,1,1,0,220.0000000000000000,1,,,152403632,DE,50,0101000020E61000004C04EB2EAE741F409FBDE7BF55624940,Station Dauersberg
2,1154,7702,1,,,,,1,1,0,220.0000000000000000,1,,,22767509,DE,50,0101000020E610000076213B44CDC51C4054AE05D82F664940,Station Siegburg
2,1155,7700,1,,,,,1,1,0,220.0000000000000000,1,,,22766160,DE,50,0101000020E61000006FA54E59EBE31B40D634C044D9654940,Station Sechtem
2,1156,7701,1,,,,,1,1,0,380.0000000000000000,1,,,22766160,DE,50,0101000020E61000006FA54E59EBE31B40D634C044D9654940,Station Sechtem
2,1157,7719,1,,,,,1,1,0,380.0000000000000000,1,,,23084554,DE,50,0101000020E61000000E1C3419EC371B40E1BDBBECAD7B4940,Station Brauweiler
2,1158,7718,1,,,,,1,1,0,220.0000000000000000,1,,,23084554,DE,50,0101000020E61000000E1C3419EC371B40E1BDBBECAD7B4940,Station Brauweiler
2,1159,7921,1,,,,,1,1,0,220.0000000000000000,1,,,32148946,DE,50,0101000020E6100000EFEC9BC26CDA1B4082106FBEB86A4940,Station Bollenacker
2,1160,7692,1,,,,,1,1,0,220.0000000000000000,1,,,22690852,DE,50,0101000020E610000076369DCAF7671B4035DF6F4CF97D4940,Bocklemünd
2,1161,7699,1,,,,,1,1,0,380.0000000000000000,1,,,22765517,DE,50,0101000020E6100000CDAB68D3DF5E1B40637A296E886E4940,Station Knapsack
2,1162,8213,1,,,,,1,1,0,380.0000000000000000,1,,,201153704,DE,50,0101000020E61000009695C2DB715E1B40AFE5360C106E4940,Kraftwerkschaltanlage Knapsack 1
2,1163,8212,1,,,,,1,1,0,220.0000000000000000,1,,,201153704,DE,50,0101000020E61000009695C2DB715E1B40AFE5360C106E4940,Kraftwerkschaltanlage Knapsack 1
2,1164,7838,1,,,,,1,1,0,380.0000000000000000,1,,,26777313,DE,50,0101000020E610000074390A222E8C1C40C4AE044449524940,Station Ließem
2,1165,7848,1,,,,,1,1,0,380.0000000000000000,1,,,27860987,DE,50,0101000020E6100000A634B8F645CC1D408BD25A0386334940,Station Weißenthurm
2,1166,8195,1,,,,,1,1,0,380.0000000000000000,1,,,160584794,DE,50,0101000020E61000002EF703878A5F1E40094A639B66314940,Station Koblenz
2,1167,8194,1,,,,,1,1,0,220.0000000000000000,1,,,160584794,DE,50,0101000020E61000002EF703878A5F1E40094A639B66314940,Station Koblenz
2,1168,7847,1,,,,,1,1,0,220.0000000000000000,1,,,27860987,DE,50,0101000020E6100000A634B8F645CC1D408BD25A0386334940,Station Weißenthurm
2,1169,8039,1,,,,,1,1,0,220.0000000000000000,1,,,66764943,DE,50,0101000020E6100000F9FFFBAF36AE1B404CF223073CFC4840,Station Wengerohr
2,1170,8170,1,,,,,1,1,0,220.0000000000000000,1,,,154869247,DE,50,0101000020E6100000B2BC45F3E3BB1D40B748A0DCDF374940,
2,1171,7988,1,,,,,1,1,0,220.0000000000000000,1,,,42423415,DE,50,0101000020E61000004BF37F7B3F0D1C4013431C6F0F4F4940,Station Meckenheim
2,1172,7735,1,,,,,1,1,0,220.0000000000000000,1,,,23640532,DE,50,0101000020E610000032F07BB0CEDE20401EDC8BFD8D074940,Umspannwerk Marxheim
2,1173,7736,1,,,,,1,1,0,380.0000000000000000,1,,,23640532,DE,50,0101000020E610000032F07BB0CEDE20401EDC8BFD8D074940,Umspannwerk Marxheim
2,1174,8026,1,,,,,1,1,0,380.0000000000000000,1,,,55730023,DE,50,0101000020E61000009FD99258380A214083322BFF50064940,Kabeleinführung 380 kV
2,1175,8025,1,,,,,1,1,0,220.0000000000000000,1,,,55730023,DE,50,0101000020E61000009FD99258380A214083322BFF50064940,Kabeleinführung 380 kV
2,1176,7964,1,,,,,1,1,0,380.0000000000000000,1,,,38661452,DE,50,0101000020E610000091795DA057F120402DC7D04D710C4940,Umspannwerk Kriftel
2,1177,8063,1,,,,,1,1,0,380.0000000000000000,1,,,87893370,DE,50,0101000020E6100000A88C24679A2220402BF4F1CFEC334940,Umrichterwerk Limburg
2,1178,8017,1,,,,,1,1,0,380.0000000000000000,1,,,50898216,DE,50,0101000020E610000093B97D69A82120404B45860AFA334940,Station Limburg
2,1179,7780,1,,,,,1,1,0,380.0000000000000000,1,,,24685992,DE,50,0101000020E61000004EFB3ADEF0C62040E35D722CBCFD4840,Umspannstation Bischofsheim
2,1180,8146,1,,,,,1,1,0,380.0000000000000000,1,,,149987048,DE,50,0101000020E610000040F032CFB7D620404B549F401ED14840,Station Bürstadt
2,1181,7728,1,,,,,1,1,0,380.0000000000000000,1,,,23284340,DE,50,0101000020E61000003C879DA67D8B214014AE4DF1C1FC4840,Umspannwerk Urberach
2,1182,7727,1,,,,,1,1,0,220.0000000000000000,1,,,23284340,DE,50,0101000020E61000003C879DA67D8B214014AE4DF1C1FC4840,Umspannwerk Urberach
2,1183,7911,1,,,,,1,1,0,220.0000000000000000,1,,,31718547,DE,50,0101000020E61000004273AA65D15B214029BC266AA6FC4840,
2,1184,8193,1,,,,,1,1,0,220.0000000000000000,1,,,160533153,DE,50,0101000020E61000008E962AE948E82140AA5093FAA1C84840,Beerfelden
2,1185,8139,1,,,,,1,1,0,220.0000000000000000,1,,,147521567,DE,50,0101000020E6100000424339D9682D2140AD28A3C362E84840,Umspannanlage Pfungstadt
2,1186,8164,1,,,,,1,1,0,220.0000000000000000,1,,,152973139,DE,50,0101000020E6100000C77D6F7C25182140F9C36E9A63B84840,Station Rheinau
2,1187,8165,1,,,,,1,1,0,380.0000000000000000,1,,,152973139,DE,50,0101000020E6100000C77D6F7C25182140F9C36E9A63B84840,Station Rheinau
2,1188,7819,1,,,,,1,1,0,380.0000000000000000,1,,,25802269,DE,50,0101000020E6100000F916FFE4AE612240C6EEE09C0B754840,Umspannstation Hoheneck Amprion
2,1189,8057,1,,,,,1,1,0,380.0000000000000000,1,,,85523877,DE,50,0101000020E61000009816F588102A2440FF41273E0F224840,Vöhringen Amprion
2,1190,7979,1,,,,,1,1,0,380.0000000000000000,1,,,41389594,DE,50,0101000020E610000061862E3E62C523409CDBB9E8EB264840,Umspannwerk Dellmensingen
2,1191,7903,1,,,,,1,1,0,380.0000000000000000,1,,,31105067,DE,50,0101000020E61000004A97D1B999762440C0F50440CF434840,Umspannwerk Niederstotzingen
2,1192,7963,1,,,,,1,1,0,380.0000000000000000,1,,,38325076,DE,50,0101000020E610000034146C7FE571244044C3F8E54D5E4840,Umspannwerk Rotensohl
2,1193,7982,1,,,,,1,1,0,380.0000000000000000,1,,,42050342,DE,50,0101000020E61000000F6EB538273C2440706D3659D4724840,Umspannwerk Goldshöfe
2,1194,7981,1,,,,,1,1,0,220.0000000000000000,1,,,42050342,DE,50,0101000020E61000000F6EB538273C2440706D3659D4724840,Umspannwerk Goldshöfe
2,1195,7814,1,,,,,1,1,0,220.0000000000000000,1,,,25557397,DE,50,0101000020E610000008A996457E4D22407CA563635A924840,380-kV-Umspannwerk Großgartach
2,1196,7815,1,,,,,1,1,0,380.0000000000000000,1,,,25557397,DE,50,0101000020E610000008A996457E4D22407CA563635A924840,380-kV-Umspannwerk Großgartach
2,1197,8073,1,,,,,1,1,0,380.0000000000000000,1,,,89185338,DE,50,0101000020E6100000FEE9BBCF726A2240D0EC50AE1B974840,Umspannwerk Heilbronn
2,1198,8140,1,,,,,1,1,0,380.0000000000000000,1,,,147878692,DE,50,0101000020E6100000846BD2FFDB5A2240A6516DF4D6844840,Umrichterwerk Neckarwestheim
2,1199,8004,1,,,,,1,1,0,380.0000000000000000,1,,,43688805,DE,50,0101000020E61000008E3DC54143172240AEB5944294734840,380kV-Umspannwerk Pulverdingen
2,1200,7839,1,,,,,1,1,0,380.0000000000000000,1,,,26814283,DE,50,0101000020E6100000D51BA47853922140A40B11E4B84A4840,EnBW Umspannwerk Oberjettingen
2,1201,7996,1,,,,,1,1,0,380.0000000000000000,1,,,42736239,DE,50,0101000020E61000007462155DF2BE2140CBBA3912B1274840,EnBW Umspannwerk Engstlatt
2,1202,7958,1,,,,,1,1,0,380.0000000000000000,1,,,35954395,DE,50,0101000020E610000028111040B93B21407F79D52C71084840,Umspannwerk Trossingen
2,1203,803,1,,,,,1,1,0,380.0000000000000000,1,,,0,CH,50,0101000020E610000053EC681CEA172040FCA65599CEC64740,
2,1204,8167,1,,,,,1,1,0,380.0000000000000000,1,,,154110135,DE,50,0101000020E61000001A38231CF4E12040980C96F62DA04840,Philippsburg 380 kV
2,1205,8231,1,,,,,1,1,0,380.0000000000000000,1,,,254326606,DE,50,0101000020E6100000A5877451D61F214073951E8104914840,Umspannwerk Bruchsal-Kändelweg
2,1206,8221,1,,,,,1,1,0,380.0000000000000000,1,,,207248812,DE,50,0101000020E61000007A261B58153F214015FFDE7CA4AD4840,Umspannwerk Neurott
2,1207,8220,1,,,,,1,1,0,220.0000000000000000,1,,,207248812,DE,50,0101000020E61000007A261B58153F214015FFDE7CA4AD4840,Umspannwerk Neurott
2,1208,8169,1,,,,,1,1,0,220.0000000000000000,1,,,154729020,DE,50,0101000020E610000060E9C18233062140818666B2A0A54840,Umspannwerk Altlußheim
2,1209,8158,1,,,,,1,1,0,220.0000000000000000,1,,,152261133,DE,50,0101000020E6100000ED4749216EA020402DA9255628814840,Karlsruhe-Daxlanden
2,1210,8159,1,,,,,1,1,0,380.0000000000000000,1,,,152261133,DE,50,0101000020E6100000ED4749216EA020402DA9255628814840,Karlsruhe-Daxlanden
2,1211,8230,1,,,,,1,1,0,380.0000000000000000,1,,,242756113,DE,50,0101000020E6100000F863BA5394031F400C144DB0B70C4840,380-kV-Umspannwerk Eichstetten
2,1212,8068,1,,,,,1,1,0,380.0000000000000000,1,,,88916034,DE,50,0101000020E61000004A7922DA11D51F40BC2EFE9E38CC4740,Lastverteilung/Schaltanlage Kühmoos
2,1213,6365,1,,,,,1,1,0,380.0000000000000000,1,,,0,CH,50,0101000020E6100000BBFA67BC63172040806EC383C1C64740,
2,1214,6359,1,,,,,1,1,0,380.0000000000000000,1,,,0,CH,50,0101000020E61000006642DD51AD172040829D51A9C8C64740,
2,1215,8218,1,,,,,1,1,0,380.0000000000000000,1,,,202865177,DE,50,0101000020E61000008C65DF376FBF1F403DC45E4515D34740,Kabelanfang PSP Wehr
2,1216,1966,1,,,,,1,1,0,380.0000000000000000,1,,,0,CH,50,0101000020E61000004681994A9A021F4052908E6104C54740,
2,1217,8067,1,,,,,1,1,0,220.0000000000000000,1,,,88916034,DE,50,0101000020E61000004A7922DA11D51F40BC2EFE9E38CC4740,Lastverteilung/Schaltanlage Kühmoos
2,1218,8217,1,,,,,1,1,0,220.0000000000000000,1,,,202865176,DE,50,0101000020E6100000C958B74784D41F40DBAE057D3DC94740,
2,1219,3779,1,,,,,1,1,0,220.0000000000000000,1,,,0,CH,50,0101000020E6100000BBFA67BC63172040806EC383C1C64740,
2,1220,8066,1,,,,,1,1,0,380.0000000000000000,1,,,88901626,DE,50,0101000020E6100000E2B683B0215F1F40E1C6BD2EFDCA4740,Schwörstadt
2,1221,241,1,,,,,1,1,0,380.0000000000000000,1,,,0,FR,50,0101000020E61000005DF5CA06E3591E404A055FE2D9014840,
2,1222,8229,1,,,,,1,1,0,220.0000000000000000,1,,,242756113,DE,50,0101000020E6100000F863BA5394031F400C144DB0B70C4840,380-kV-Umspannwerk Eichstetten
2,1223,8058,1,,,,,1,1,0,220.0000000000000000,1,,,87653464,DE,50,0101000020E61000002950C741E8011F407F2F0906570C4840,220-kV-Umspannwerk Eichstetten
2,1224,7908,1,,,,,1,1,0,220.0000000000000000,1,,,31367937,DE,50,0101000020E6100000C86B8962FC802040DFF548FAE3D14740,Umspannwerk Gurtweil
2,1225,7907,1,,,,,1,1,0,220.0000000000000000,1,,,31367936,DE,50,0101000020E610000046EF7DADDC0622403B22336234EC4740,Umspannwerk Stockach
2,1226,8094,1,,,,,1,1,0,220.0000000000000000,1,,,102743264,DE,50,0101000020E61000002F9CCAE819B921401876114639E74740,Beuren
2,1227,1065,1,,,,,1,1,0,220.0000000000000000,1,,,0,CH,50,0101000020E610000053EC681CEA172040FCA65599CEC64740,
2,1228,7909,1,,,,,1,1,0,220.0000000000000000,1,,,31367940,DE,50,0101000020E61000002E784A4C8984204098C5D4D82DD14740,Tiengen
2,1229,7910,1,,,,,1,1,0,380.0000000000000000,1,,,31367940,DE,50,0101000020E61000002E784A4C8984204098C5D4D82DD14740,Tiengen
2,1230,2465,1,,,,,1,1,0,380.0000000000000000,1,,,0,CH,50,0101000020E6100000B0AD9FFEB37E2040C7212C746FCE4740,
2,1231,8118,1,,,,,1,1,0,380.0000000000000000,1,,,129790129,DE,50,0101000020E6100000C10E7F3D3BD9224084FAC18B18084840,
2,1232,7808,1,,,,,1,1,0,380.0000000000000000,1,,,25306752,DE,50,0101000020E6100000F89917C4DCD92240F476F0A53C084840,Umspannwerk Herbertingen
2,1233,7807,1,,,,,1,1,0,220.0000000000000000,1,,,25306752,DE,50,0101000020E6100000F89917C4DCD92240F476F0A53C084840,Umspannwerk Herbertingen
2,1234,8117,1,,,,,1,1,0,220.0000000000000000,1,,,129790129,DE,50,0101000020E6100000C10E7F3D3BD9224084FAC18B18084840,
2,1235,7817,1,,,,,1,1,0,220.0000000000000000,1,,,25786404,DE,50,0101000020E6100000D00F4E47BD642240209E89FCDB744840,Umspannwerk Hoheneck EnBW
2,1236,7977,1,,,,,1,1,0,220.0000000000000000,1,,,41334805,DE,50,0101000020E610000031FDD6E1136922403C02A30868854840,Drehstromschaltwerk Neckarwestheim
2,1237,7706,1,,,,,1,1,0,220.0000000000000000,1,,,22960899,DE,50,0101000020E61000001879F2B3696E224000958557186D4840,Umspannwerk Mühlhausen
2,1238,7707,1,,,,,1,1,0,380.0000000000000000,1,,,22960899,DE,50,0101000020E61000001879F2B3696E224000958557186D4840,Umspannwerk Mühlhausen
2,1239,7824,1,,,,,1,1,0,380.0000000000000000,1,,,26260052,DE,50,0101000020E61000000A2785901FCD22407CE1DA5E5E554840,EnBW Umspannwerk Wendlingen
2,1240,7898,1,,,,,1,1,0,380.0000000000000000,1,,,30734324,DE,50,0101000020E61000003957D022958C22409198F69F5A464840,EnBW Umspannwerk Metzingen
2,1241,7828,1,,,,,1,1,0,380.0000000000000000,1,,,26403575,DE,50,0101000020E61000006A956E642A202340DE35666BCA594840,EnBW Umspannwerk Bünzwangen
2,1242,7961,1,,,,,1,1,0,380.0000000000000000,1,,,37721677,DE,50,0101000020E6100000A63D6F74DFBD22401E05E33B0C5C4840,EnBW Umspannwerk Altbach 1
2,1243,8011,1,,,,,1,1,0,380.0000000000000000,1,,,48428875,DE,50,0101000020E610000043352F8D55C122406D9DB48003684840,EnBW Umspannwerk Endersbach
2,1244,7829,1,,,,,1,1,0,380.0000000000000000,1,,,26404600,DE,50,0101000020E6100000BF7C5D09916823401D9C7B35873B4840,EnBW Umspannwerk Laichingen
2,1245,8166,1,,,,,1,1,0,220.0000000000000000,1,,,153334076,DE,50,0101000020E6100000CD4B53D77E572240C03935652B854840,
2,1246,8003,1,,,,,1,1,0,220.0000000000000000,1,,,43688805,DE,50,0101000020E61000008E3DC54143172240AEB5944294734840,380kV-Umspannwerk Pulverdingen
2,1247,7733,1,,,,,1,1,0,220.0000000000000000,1,,,23414063,DE,50,0101000020E6100000F923D20EB9312240E550FB79F4694840,Umspannwerk Weilimdorf
2,1248,7818,1,,,,,1,1,0,220.0000000000000000,1,,,25802269,DE,50,0101000020E6100000F916FFE4AE612240C6EEE09C0B754840,Umspannstation Hoheneck Amprion
2,1249,3491,1,,,,,1,1,0,380.0000000000000000,1,,,0,CH,50,0101000020E61000006642DD51AD172040829D51A9C8C64740,
2,1250,4589,1,,,,,1,1,0,220.0000000000000000,1,,,0,CH,50,0101000020E6100000B0AD9FFEB37E2040C7212C746FCE4740,
2,1251,8138,1,,,,,1,1,0,220.0000000000000000,1,,,146962222,DE,50,0101000020E6100000A211B33C96A41F402EDD78372A404840,Umspannwerk Weier
2,1252,7922,1,,,,,1,1,0,220.0000000000000000,1,,,32151621,DE,50,0101000020E6100000BAD1FE6A597F204099FEDC19546C4840,220-kV-Umspannwerk Kuppenheim
2,1253,7965,1,,,,,1,1,0,220.0000000000000000,1,,,39011884,DE,50,0101000020E6100000C55B4074D53D2040A1AF760C385A4840,Bühl
2,1254,3525,1,,,,,1,1,0,220.0000000000000000,1,,,0,FR,50,0101000020E61000005DF5CA06E3591E404A055FE2D9014840,
2,1255,8154,1,,,,,1,1,0,380.0000000000000000,1,,,152018146,DE,50,0101000020E6100000F69BCBD973F11C40304AF43F48AF4840,Mittelbexbach
2,1256,8022,1,,,,,1,1,0,380.0000000000000000,1,,,54359256,DE,50,0101000020E6100000650A175E64FC1B4071A44A690DB04840,Umspannwerk Uchtelfangen
2,1257,7983,1,,,,,1,1,0,380.0000000000000000,1,,,42097854,DE,50,0101000020E61000009F1ED87936411B4058BE365DC7DC4840,Station Osburg
2,1258,8152,1,,,,,1,1,0,380.0000000000000000,1,,,151967290,DE,50,0101000020E610000054684F3222E619407B3E537913F64840,Station Niederstedem
2,1259,7926,1,,,,,1,1,0,380.0000000000000000,1,,,32675761,DE,50,0101000020E6100000E99BE01583201A4095617533ED314940,Station Dahlem
2,1260,7835,1,,,,,1,1,0,380.0000000000000000,1,,,26593929,DE,50,0101000020E6100000A64C867F82D3194027476F01886F4940,Station Oberzier
2,1261,7836,1,,,,,1,1,0,380.0000000000000000,1,,,26593935,DE,50,0101000020E610000087824297D6F31940EF60ABE9C6704940,Station Hambach
2,1262,7810,1,,,,,1,1,0,380.0000000000000000,1,,,25426571,DE,50,0101000020E6100000B1A418781F341940E2B99F231B6A4940,Umspannwerk Weisweiler
2,1263,7840,1,,,,,1,1,0,380.0000000000000000,1,,,26927264,DE,50,0101000020E6100000B24AF10653621A407B4D976BEC794940,Station Paffendorf
2,1264,8112,1,,,,,1,1,0,380.0000000000000000,1,,,115808262,DE,50,0101000020E610000050D9BE3268491940C27D4210236B4940,
2,1265,7756,1,,,,,1,1,0,380.0000000000000000,1,,,24268944,DE,50,0101000020E6100000BF65AE1E66AB184008EC6F63A9664940,Station Verlautenheide
2,1266,3719,1,,,,,1,1,0,380.0000000000000000,1,,,0,NL,50,0101000020E6100000C2D4E0C7E2281840CAF89C60A48C4940,
2,1267,7821,1,,,,,1,1,0,380.0000000000000000,1,,,25992879,DE,50,0101000020E610000012AC5DB361DD18400967C945C8744940,Siersdorf
2,1268,6371,1,,,,,1,1,0,380.0000000000000000,1,,,0,NL,50,0101000020E6100000C2D4E0C7E2281840CAF89C60A48C4940,
2,1326,2492,1,,,,,1,1,0,380.0000000000000000,1,,,0,CZ,50,0101000020E6100000BDA94885B1912940C49CA04D0ED74840,
2,1269,8151,1,,,,,1,1,0,220.0000000000000000,1,,,151967290,DE,50,0101000020E610000054684F3222E619407B3E537913F64840,Station Niederstedem
2,1270,5223,1,,,,,1,1,0,220.0000000000000000,1,,,0,LU,50,0101000020E610000040B4A04154C318409E5F39E74CFA4840,
2,1271,8071,1,,,,,1,1,0,220.0000000000000000,1,,,89176939,DE,50,0101000020E610000020DCF7B715D818409629E33FB4FA4840,SA Bauler
2,1272,2301,1,,,,,1,1,0,220.0000000000000000,1,,,0,LU,50,0101000020E6100000B7323C516DC31840F0969AF342FA4840,
2,1273,2394,1,,,,,1,1,0,220.0000000000000000,1,,,0,LU,50,0101000020E6100000B7323C516DC31840F0969AF342FA4840,
2,1274,2855,1,,,,,1,1,0,220.0000000000000000,1,,,0,LU,50,0101000020E610000001608610A1731840C35C9C42F8F34840,
2,1275,4618,1,,,,,1,1,0,220.0000000000000000,1,,,0,LU,50,0101000020E610000001608610A1731840C35C9C42F8F34840,
2,1276,8153,1,,,,,1,1,0,220.0000000000000000,1,,,151967291,DE,50,0101000020E6100000651F1CEB23CF1A4037396D7D1CEA4840,Station Quint
2,1277,8021,1,,,,,1,1,0,220.0000000000000000,1,,,54359256,DE,50,0101000020E6100000650A175E64FC1B4071A44A690DB04840,Umspannwerk Uchtelfangen
2,1278,3165,1,,,,,1,1,0,220.0000000000000000,1,,,0,LU,50,0101000020E610000047B4780CEA8E18405EA10F96B1D54840,
2,1279,8136,1,,,,,1,1,0,220.0000000000000000,1,,,145680894,DE,50,0101000020E610000088F5EAB16D7B1A40A3FD1639DDDF4840,Station Trier
2,1280,8053,1,,,,,1,1,0,220.0000000000000000,1,,,82310607,DE,50,0101000020E61000003B8A9BEFA7051B405D51400CB4AE4840,Dieffeln
2,1281,8074,1,,,,,1,1,0,220.0000000000000000,1,,,89215122,DE,50,0101000020E6100000AB38756B66101B40B893650217AE4840,Station Saarwellingen
2,1282,8076,1,,,,,1,1,0,220.0000000000000000,1,,,90109302,DE,50,0101000020E61000002BD16764B1FF1A409B8EAE19BEAE4840,UA Obergraben
2,1283,8077,1,,,,,1,1,0,220.0000000000000000,1,,,90109304,DE,50,0101000020E6100000312986522BF71A40C0C91E4CC2AD4840,UA Dillinger Hütte Mitte
2,1284,5207,1,,,,,1,1,0,220.0000000000000000,1,,,0,LU,50,0101000020E610000047B4780CEA8E18405EA10F96B1D54840,
2,1285,8055,1,,,,,1,1,0,380.0000000000000000,1,,,82773910,DE,50,0101000020E6100000245680CEC3171B40763E7BEB41A54840,Umspannanlage Ensdorf
2,1286,4090,1,,,,,1,1,0,380.0000000000000000,1,,,0,FR,50,0101000020E6100000349765998F251940F963FFE153994840,
2,1287,8054,1,,,,,1,1,0,220.0000000000000000,1,,,82773910,DE,50,0101000020E6100000245680CEC3171B40763E7BEB41A54840,Umspannanlage Ensdorf
2,1288,4863,1,,,,,1,1,0,220.0000000000000000,1,,,0,FR,50,0101000020E61000008471265C7ECE1A400C0B49C1AE914840,
2,1289,8208,1,,,,,1,1,0,380.0000000000000000,1,,,194446360,DE,50,0101000020E6100000010AF876CE9C20408FA53C47A4814840,
2,1290,8234,1,,,,,1,1,0,380.0000000000000000,1,,,272646943,DE,50,0101000020E6100000E8931B7CE29B20405D48FF477A814840,
2,1291,7928,1,,,,,1,1,0,220.0000000000000000,1,,,32725957,DE,50,0101000020E6100000921230271EE42040E2006523387E4840,Umspannwerk Oberwald
2,1292,7935,1,,,,,1,1,0,220.0000000000000000,1,,,32966636,DE,50,0101000020E6100000784788B57D48214000E7A63DED714840,220 kV-Umspannwerk Birkenfeld
2,1293,7929,1,,,,,1,1,0,220.0000000000000000,1,,,32725958,DE,50,0101000020E610000017271BD530E7204065BE7394F2804840,Karlsruhe-Rintheim
2,1294,7930,1,,,,,1,1,0,220.0000000000000000,1,,,32731290,DE,50,0101000020E61000006F2EE3A9C0B22040382664B1AB814840,Karlsruhe-West
2,1295,8241,1,,,,,1,1,0,220.0000000000000000,1,,,276249131,DE,50,0101000020E61000009ECD601DEB8B2040EFBC1C51C3834840,Umspannwerk Maximiliansau
2,1296,8162,1,,,,,1,1,0,220.0000000000000000,1,,,152924498,DE,50,0101000020E61000004B7A651D65B4204090D47051ECB54840,Netzleitstelle Mutterstadt
2,1297,8209,1,,,,,1,1,0,220.0000000000000000,1,,,197145477,DE,50,0101000020E6100000B476AA6CADFB2040401061611CB94840,
2,1298,8197,1,,,,,1,1,0,220.0000000000000000,1,,,163093653,DE,50,0101000020E6100000EEEBEB0DED00214091D28FDCF2B84840,Mannheim
2,1299,8196,1,,,,,1,1,0,220.0000000000000000,1,,,160929097,DE,50,0101000020E6100000591D93491B4121405C42AA8794C54840,Umspannwerk Weinheim
2,1300,8156,1,,,,,1,1,0,220.0000000000000000,1,,,152107815,DE,50,0101000020E61000003C2DBFF1B3EA1E4022882364C7BD4840,Otterbach
2,1301,8145,1,,,,,1,1,0,220.0000000000000000,1,,,149987048,DE,50,0101000020E610000040F032CFB7D620404B549F401ED14840,Station Bürstadt
2,1302,8163,1,,,,,1,1,0,220.0000000000000000,1,,,152924508,DE,50,0101000020E610000090AC51BC08D120402ADAA225A8C34840,BASF
2,1303,8155,1,,,,,1,1,0,220.0000000000000000,1,,,152022992,DE,50,0101000020E61000000E3710BA962B1F40B3FF3610C0E74840,Niederhausen
2,1304,8075,1,,,,,1,1,0,220.0000000000000000,1,,,89352550,DE,50,0101000020E6100000125EE7CD24F61C4010B8AC77C7AD4840,
2,1305,8172,1,,,,,1,1,0,220.0000000000000000,1,,,156402422,DE,50,0101000020E61000006006CB3EF2461D4018051A4A04A74840,Beeden
2,1306,8177,1,,,,,1,1,0,220.0000000000000000,1,,,156676050,DE,50,0101000020E610000068406B64DB53214004441F5817AE4840,Umspannanlage Heidelberg-Süd
2,1307,8133,1,,,,,1,1,0,220.0000000000000000,1,,,143903369,DE,50,0101000020E610000073F6580A052F2240E29E4E12B6A54840,Umspannwerk Hüffenhardt
2,1308,8134,1,,,,,1,1,0,380.0000000000000000,1,,,143903369,DE,50,0101000020E610000073F6580A052F2240E29E4E12B6A54840,Umspannwerk Hüffenhardt
2,1309,8135,1,,,,,1,1,0,380.0000000000000000,1,,,145002769,DE,50,0101000020E6100000C9A8BC88D2E42240B3E687BC8DCB4840,Umspannwerk Höpfingen
2,1310,8100,1,,,,,1,1,0,380.0000000000000000,1,,,108797675,DE,50,0101000020E6100000897685C92B602440AD4B2D9698FD4840,Grafenrheinfeld
2,1311,7789,1,,,,,1,1,0,380.0000000000000000,1,,,24757833,DE,50,0101000020E6100000165F19430AAC25407548D6E9CAF64840,Umspannwerk Oberhaid
2,1312,7788,1,,,,,1,1,0,380.0000000000000000,1,,,24757392,DE,50,0101000020E61000007ED2834B30632640DD975C71C3144940,Umspannwerk Redwitz
2,1313,7782,1,,,,,1,1,0,380.0000000000000000,1,,,24705761,DE,50,0101000020E61000005477D123ADAF254026FE330079B04840,Umspannwerk Raitersaich
2,1314,7794,1,,,,,1,1,0,380.0000000000000000,1,,,24768051,DE,50,0101000020E61000000F1E2945F50327407E23BD826C614840,Ingolstadt
2,1315,8127,1,,,,,1,1,0,380.0000000000000000,1,,,137602559,DE,50,0101000020E61000008EE42768A9292740AD78810CE8614840,Irsching
2,1316,7823,1,,,,,1,1,0,380.0000000000000000,1,,,26245195,DE,50,0101000020E61000005BDD9FFD7EBC27409899CB84781A4840,Umspannwerk Ottenhofen
2,1317,8050,1,,,,,1,1,0,380.0000000000000000,1,,,77697810,DE,50,0101000020E6100000272EFE27019828407E26A039AF4D4840,Isar
2,1318,7803,1,,,,,1,1,0,380.0000000000000000,1,,,24976300,DE,50,0101000020E6100000CD552865F5342A40E23DC67859554840,Umspannwerk Pleinting
2,1319,7802,1,,,,,1,1,0,220.0000000000000000,1,,,24976300,DE,50,0101000020E6100000CD552865F5342A40E23DC67859554840,Umspannwerk Pleinting
2,1320,8080,1,,,,,1,1,0,220.0000000000000000,1,,,91080806,DE,50,0101000020E6100000432B5429B27E2940469715480A134840,Umspannwerk Pirach
2,1321,3733,1,,,,,1,1,0,220.0000000000000000,1,,,0,AT,50,0101000020E6100000786110FD7F292A4025383F0FFF204840,
2,1322,7866,1,,,,,1,1,0,220.0000000000000000,1,,,28956649,DE,50,0101000020E6100000BBEF0B431D2A2840230697C412A64840,Schwandorf
2,1323,7867,1,,,,,1,1,0,380.0000000000000000,1,,,28956649,DE,50,0101000020E6100000BBEF0B431D2A2840230697C412A64840,Schwandorf
2,1324,7871,1,,,,,1,1,0,380.0000000000000000,1,,,29084374,DE,50,0101000020E61000004D9A5E68C23A284039C382B0C9D04840,Umspannwerk Etzenricht
2,1327,7870,1,,,,,1,1,0,220.0000000000000000,1,,,29084374,DE,50,0101000020E61000004D9A5E68C23A284039C382B0C9D04840,Umspannwerk Etzenricht
2,1328,8088,1,,,,,1,1,0,220.0000000000000000,1,,,93341407,DE,50,0101000020E6100000EF652669149F2740B58A22A185174940,Umspannwerk Mechlenreuth
2,1329,8089,1,,,,,1,1,0,380.0000000000000000,1,,,93341407,DE,50,0101000020E6100000EF652669149F2740B58A22A185174940,Umspannwerk Mechlenreuth
2,1330,7787,1,,,,,1,1,0,220.0000000000000000,1,,,24757392,DE,50,0101000020E61000007ED2834B30632640DD975C71C3144940,Umspannwerk Redwitz
2,1331,7879,1,,,,,1,1,0,220.0000000000000000,1,,,29417741,DE,50,0101000020E61000009B300273014D284038AF2BDAA1814840,Umspannwerk Regensburg
2,1332,8122,1,,,,,1,1,0,220.0000000000000000,1,,,133349218,DE,50,0101000020E610000067732B5966A72640AA19F4535DB24840,Umspannwerk Ludersheim
2,1333,7781,1,,,,,1,1,0,220.0000000000000000,1,,,24705761,DE,50,0101000020E61000005477D123ADAF254026FE330079B04840,Umspannwerk Raitersaich
2,1334,7792,1,,,,,1,1,0,220.0000000000000000,1,,,24765111,DE,50,0101000020E6100000A731444F48302340C6C8195F33E64840,Umspannwerk Trennfeld
2,1335,8023,1,,,,,1,1,0,220.0000000000000000,1,,,55069713,DE,50,0101000020E610000041723E52582E22405846B0502AFC4840,Umspannwerk Aschaffenburg
2,1336,8024,1,,,,,1,1,0,380.0000000000000000,1,,,55069713,DE,50,0101000020E610000041723E52582E22405846B0502AFC4840,Umspannwerk Aschaffenburg
2,1337,7986,1,,,,,1,1,0,380.0000000000000000,1,,,42410916,DE,50,0101000020E6100000FB233CDADBEA21408A0562E4920A4940,Umspannwerk Großkrotzenburg
2,1338,7746,1,,,,,1,1,0,380.0000000000000000,1,,,24042358,DE,50,0101000020E6100000B00A19F4869E214022A077760B1A4940,Umspannwerk Karben
2,1339,8035,1,,,,,1,1,0,380.0000000000000000,1,,,62061952,DE,50,0101000020E6100000D2E4F8C7BC3C21400C13B1D7CE0B4940,Umspannwerk Frankfurt Südwest
2,1340,8142,1,,,,,1,1,0,380.0000000000000000,1,,,148446247,DE,50,0101000020E6100000C82C7B745D8C23402F81A911AE434940,UW Dipperz
2,1341,7874,1,,,,,1,1,0,380.0000000000000000,1,,,29309786,DE,50,0101000020E6100000DB31B57C077E2340187642035B754940,Mecklar
2,1342,8168,1,,,,,1,1,0,380.0000000000000000,1,,,154418450,DE,50,0101000020E61000001BA068159AC52440709D3D6B3B804940,Eisenach
2,1343,8132,1,,,,,1,1,0,380.0000000000000000,1,,,143882655,DE,50,0101000020E610000060E1C0CDE63E264055EC3E40DC7F4940,Umspannwerk Vieselbach
2,1344,8144,1,,,,,1,1,0,380.0000000000000000,1,,,149256409,DE,50,0101000020E61000000A30AE4666FB2540743F335569494940,Umspannwerk Altenfeld
2,1345,8116,1,,,,,1,1,0,380.0000000000000000,1,,,128277645,DE,50,0101000020E6100000FFBD2A26F24A2740D0D751D976444940,Umspannwerk Remptendorf
2,1346,7721,1,,,,,1,1,0,380.0000000000000000,1,,,23117075,DE,50,0101000020E6100000C9036FCEB8A02940319F0D46D06D4940,Umspannwerk Röhrsdorf
2,1347,8182,1,,,,,1,1,0,380.0000000000000000,1,,,157328339,DE,50,0101000020E6100000B99F3FE6BFC32A404BD2E54791AD4940,Umspannwerk Streumen
2,1348,7932,1,,,,,1,1,0,380.0000000000000000,1,,,32843531,DE,50,0101000020E610000033473C6954092940DF1664F41A944940,Eula
2,1349,7931,1,,,,,1,1,0,220.0000000000000000,1,,,32843531,DE,50,0101000020E610000033473C6954092940DF1664F41A944940,Eula
2,1350,7704,1,,,,,1,1,0,220.0000000000000000,1,,,22879599,DE,50,0101000020E6100000AAE135DA657F284003AC4C3654994940,Umspannwerk Großdalzig
2,1351,8181,1,,,,,1,1,0,220.0000000000000000,1,,,157164284,DE,50,0101000020E61000003B44229826782540DAC96F0A58B84940,Wolkramshausen (220 kV)
2,1352,7720,1,,,,,1,1,0,220.0000000000000000,1,,,23117075,DE,50,0101000020E6100000C9036FCEB8A02940319F0D46D06D4940,Umspannwerk Röhrsdorf
2,1353,8203,1,,,,,1,1,0,220.0000000000000000,1,,,173590639,DE,50,0101000020E61000002B3D287853012A40929EA33AD66E4940,Niederwiesa
2,1354,8175,1,,,,,1,1,0,220.0000000000000000,1,,,156673637,DE,50,0101000020E6100000E640E6F407172840E421A73800644940,Umspannwerk Weida
2,1355,8176,1,,,,,1,1,0,380.0000000000000000,1,,,156673637,DE,50,0101000020E6100000E640E6F407172840E421A73800644940,Umspannwerk Weida
2,1356,8199,1,,,,,1,1,0,220.0000000000000000,1,,,167352587,DE,50,0101000020E61000000201AA20557C28402641394EA2484940,Umspannwerk Herlasgrün
2,1357,8201,1,,,,,1,1,0,220.0000000000000000,1,,,173112252,DE,50,0101000020E6100000B20DFBA859F428409494483D66604940,Crossen
2,1358,7724,1,,,,,1,1,0,220.0000000000000000,1,,,23161029,DE,50,0101000020E610000079AA1B2F75F02840D7AFE4A692AF4940,Umspannwerk Taucha
2,1359,7732,1,,,,,1,1,0,380.0000000000000000,1,,,23406775,DE,50,0101000020E6100000CCEE88B3C2AC2840494E644236994940,Pulgar
2,1360,7715,1,,,,,1,1,0,380.0000000000000000,1,,,23025610,DE,50,0101000020E61000008F5D007A3ADB2C4028BBCA4CC6F14940,Umspannwerk Preilack
2,1361,8019,1,,,,,1,1,0,380.0000000000000000,1,,,52983550,DE,50,0101000020E6100000E9349CF67D352D402B791AD355164A40,Eisenhüttenstadt
2,1362,8125,1,,,,,1,1,0,380.0000000000000000,1,,,137197826,DE,50,0101000020E61000007771C1D4596B2B40B98A9B0218454A40,Neuenhagen
2,1363,7712,1,,,,,1,1,0,380.0000000000000000,1,,,22973070,DE,50,0101000020E6100000FDA8E8C8630C2B407B8550AA8F444A40,Umspannwerk Marzahn
2,1364,7899,1,,,,,1,1,0,380.0000000000000000,1,,,30954714,DE,50,0101000020E6100000CFBA8A4AB1E92A4032EF7FEEBE424A40,Umspannwerk Friedrichshain
2,1365,7892,1,,,,,1,1,0,380.0000000000000000,1,,,30303506,DE,50,0101000020E6100000E138A139C0BC2A40EFDBCB2367404A40,Berlin/Mitte
2,1366,8009,1,,,,,1,1,0,380.0000000000000000,1,,,46615737,DE,50,0101000020E6100000BA6E374D8BA12A40EB264CE0D0424A40,Umspannwerk Charlottenburg
2,1367,8002,1,,,,,1,1,0,380.0000000000000000,1,,,43163132,DE,50,0101000020E610000050A702A7807F2A40CF26C3400C444A40,Umspannwerk Reuter
2,1368,7890,1,,,,,1,1,0,380.0000000000000000,1,,,30132758,DE,50,0101000020E610000006245B5B4D6C2A407BEA5403524A4A40,Teufelsbruch
2,1369,7833,1,,,,,1,1,0,380.0000000000000000,1,,,26472665,DE,50,0101000020E6100000D849DE931F472740E0BE89E565224A40,Umspannwerk Wolmirstedt
2,1370,7941,1,,,,,1,1,0,380.0000000000000000,1,,,33169401,DE,50,0101000020E6100000F70FBCAB677427405DDA7041D3484A40,Stendal/West
2,1371,8245,1,,,,,1,1,0,380.0000000000000000,1,,,369680693,DE,50,0101000020E6100000A2A282CD6A492A4039452D293EF44A40,Siedenbrünzow
2,1372,7885,1,,,,,1,1,0,380.0000000000000000,1,,,29877599,DE,50,0101000020E6100000509011B4F05D2B4040490BB9CD114B40,Umspannwerk Lubmin
2,1373,7916,1,,,,,1,1,0,380.0000000000000000,1,,,32062544,DE,50,0101000020E61000002319C27ABC5F2840572718526BE84A40,Güstrow
2,1374,7915,1,,,,,1,1,0,220.0000000000000000,1,,,32062544,DE,50,0101000020E61000002319C27ABC5F2840572718526BE84A40,Güstrow
2,1375,7971,1,,,,,1,1,0,220.0000000000000000,1,,,39690368,DE,50,0101000020E61000002D1DF59E1C5F2840BAC65041CAE74A40,Güstrow
2,1376,7923,1,,,,,1,1,0,220.0000000000000000,1,,,32318130,DE,50,0101000020E61000000A797BD0576D28403D6E1103560E4B40,Bentwisch
2,1377,7878,1,,,,,1,1,0,220.0000000000000000,1,,,29389718,DE,50,0101000020E6100000DB7B08C943282A400F9AF7D675244B40,Umspannwerk Lüdershagen
2,1378,7884,1,,,,,1,1,0,220.0000000000000000,1,,,29877599,DE,50,0101000020E6100000509011B4F05D2B4040490BB9CD114B40,Umspannwerk Lubmin
2,1379,7832,1,,,,,1,1,0,220.0000000000000000,1,,,26472665,DE,50,0101000020E6100000D849DE931F472740E0BE89E565224A40,Umspannwerk Wolmirstedt
2,1380,7948,1,,,,,1,1,0,220.0000000000000000,1,,,35137205,DE,50,0101000020E6100000B674561DD24927407A509E264AF44940,Umspannwerk Förderstedt
2,1381,7949,1,,,,,1,1,0,380.0000000000000000,1,,,35137205,DE,50,0101000020E6100000B674561DD24927407A509E264AF44940,Umspannwerk Förderstedt
2,1382,8179,1,,,,,1,1,0,380.0000000000000000,1,,,156683994,DE,50,0101000020E610000073B9D0EC0BCE2B40F5DE31F0F6EF4940,Umspannwerk Ragow
2,1383,7843,1,,,,,1,1,0,380.0000000000000000,1,,,27149550,DE,50,0101000020E6100000FC3670821FE22940FF90185DF3474A40,Wustermark
2,1384,7842,1,,,,,1,1,0,220.0000000000000000,1,,,27149550,DE,50,0101000020E6100000FC3670821FE22940FF90185DF3474A40,Wustermark
2,1385,7893,1,,,,,1,1,0,220.0000000000000000,1,,,30309989,DE,50,0101000020E610000038B7025686692A4078E7F90A1D544A40,Hennigsdorf
2,1386,8124,1,,,,,1,1,0,220.0000000000000000,1,,,137197826,DE,50,0101000020E61000007771C1D4596B2B40B98A9B0218454A40,Neuenhagen
2,1387,7887,1,,,,,1,1,0,220.0000000000000000,1,,,30039908,DE,50,0101000020E61000005D4885A3FCE92B4067602E2947A04A40,Bertikow
2,1388,7969,1,,,,,1,1,0,220.0000000000000000,1,,,39437430,DE,50,0101000020E6100000069D11A840112C40C725AAD601C14A40,Pasewalk
2,1389,7970,1,,,,,1,1,0,220.0000000000000000,1,,,39688875,DE,50,0101000020E61000005DFB7C5EB6CC2A404AA85A77B0E54A40,Umspannwerk Windpark Iven
2,1390,7968,1,,,,,1,1,0,220.0000000000000000,1,,,39428980,DE,50,0101000020E6100000FC40E7D8AA8A2C4025D6641E538C4A40,Vierraden
2,1391,1160,1,,,,,1,1,0,220.0000000000000000,1,,,0,PL,50,0101000020E6100000CDAFE600C1F42C4053680F6A75984A40,
2,1392,1336,1,,,,,1,1,0,220.0000000000000000,1,,,0,PL,50,0101000020E6100000CDAFE600C1F42C4053680F6A75984A40,
2,1393,7875,1,,,,,1,1,0,220.0000000000000000,1,,,29331499,DE,50,0101000020E6100000F93B7BB48B9C2A40284A53428A1D4A40,Thyrow
2,1394,8178,1,,,,,1,1,0,220.0000000000000000,1,,,156683994,DE,50,0101000020E610000073B9D0EC0BCE2B40F5DE31F0F6EF4940,Umspannwerk Ragow
2,1395,7710,1,,,,,1,1,0,220.0000000000000000,1,,,22973052,DE,50,0101000020E61000008D08A38C26032B40803BCB35A63C4A40,Umspannwerk Wuhlheide
2,1396,7711,1,,,,,1,1,0,220.0000000000000000,1,,,22973070,DE,50,0101000020E6100000FDA8E8C8630C2B407B8550AA8F444A40,Umspannwerk Marzahn
2,1397,8242,1,,,,,1,1,0,220.0000000000000000,1,,,285823537,DE,50,0101000020E61000004275743E7B0C2B406C4FEB666F444A40,
2,1398,7972,1,,,,,1,1,0,220.0000000000000000,1,,,40621568,DE,50,0101000020E610000066907BE7ACFF2840A5809D86DE334A40,Brandenburg-West
2,1399,7862,1,,,,,1,1,0,380.0000000000000000,1,,,28729619,DE,50,0101000020E6100000A2F5B42B6E502A40189574B40AEA4940,Umspannwerk Schönewalde
2,1400,7883,1,,,,,1,1,0,380.0000000000000000,1,,,29713902,DE,50,0101000020E610000057507142DDC92740685AF013EEB34940,Umspannwerk Lauchstädt
2,1401,7927,1,,,,,1,1,0,380.0000000000000000,1,,,32690742,DE,50,0101000020E61000002674D6E5790827408AA57348CCCA4940,Umspannwerk Klostermansfeld
2,1402,7813,1,,,,,1,1,0,380.0000000000000000,1,,,25526912,DE,50,0101000020E6100000E68C989C3B86284098C783C0D9DE4940,Umspannwerk Marke
2,1403,7947,1,,,,,1,1,0,220.0000000000000000,1,,,35102433,DE,50,0101000020E6100000AAEB4AEA7D1F2740621670B5DB0F4A40,Magdeburg (50Hertz)
2,1404,8227,1,,,,,1,1,0,380.0000000000000000,1,,,234171369,DE,50,0101000020E6100000E19968CE166627403579854A40C94A40,Wessin
2,1405,7888,1,,,,,1,1,0,380.0000000000000000,1,,,30040568,DE,50,0101000020E61000009E414B30C4BD2640DDCCB146EDCC4A40,Görries
2,1406,7917,1,,,,,1,1,0,380.0000000000000000,1,,,32063539,DE,50,0101000020E610000032A490CBF66D2840DBDB2B66D70C4B40,Bentwisch HGÜ
2,1407,7918,1,,,,,1,1,0,400.0000000000000000,1,,,32063539,DE,0,0101000020E610000032A490CBF66D2840DBDB2B66D70C4B40,Bentwisch HGÜ
2,1408,3697,1,,,,,1,1,0,400.0000000000000000,1,,,0,DK,0,0101000020E610000077F0B84D5DEE2740FF00B562C9474B40,
2,1409,7944,1,,,,,1,1,0,380.0000000000000000,1,,,33745279,DE,50,0101000020E610000041E16E52CA422840C4943EA107124B40,
2,1410,8030,1,,,,,1,1,0,380.0000000000000000,1,,,59707532,DE,50,0101000020E6100000E1A42547CAB427403E52D0E3138B4A40,Umspannwerk Perleberg
2,1411,7691,1,,,,,1,1,0,380.0000000000000000,1,,,20562114,DE,50,0101000020E6100000D333F6A151FD2A40AA74CC667D4B4A40,Umspannwerk Malchow
2,1412,7834,1,,,,,1,1,0,380.0000000000000000,1,,,26474759,DE,50,0101000020E610000012D09195A8FF254020A4E7409E194A40,Umspannwerk Helmstedt
2,1413,8210,1,,,,,1,1,0,380.0000000000000000,1,,,199382606,DE,50,0101000020E61000007DEFECB7BAF3254054F9C4C0BB154A40,
2,1414,7751,1,,,,,1,1,0,380.0000000000000000,1,,,24258096,DE,50,0101000020E6100000898DFD16A7852540D467BDC1112F4A40,Umspannwerk Hattorf
2,1415,7748,1,,,,,1,1,0,380.0000000000000000,1,,,24217497,DE,50,0101000020E6100000E6D4C59C60F02A40A254AE08CF424A40,
2,1416,7952,1,,,,,1,1,0,380.0000000000000000,1,,,35551888,DE,50,0101000020E6100000799F91F85E0B2B40277E8D4F25434A40,Umspannwerk Lichtenberg
2,1417,7967,1,,,,,1,1,0,380.0000000000000000,1,,,39243044,DE,50,0101000020E61000003E7DED76F7122B40D12F6260CB444A40,Umspannwerk Biesdorf Nord
2,1418,7891,1,,,,,1,1,0,380.0000000000000000,1,,,30164703,DE,50,0101000020E61000008F5F2377A5F12C4059D31456E3C64940,Graustein
2,1419,8188,1,,,,,1,1,0,380.0000000000000000,1,,,157806991,DE,50,0101000020E6100000FF6B7DE426042D40EE046F76F4B44940,Umspannwerk Bärwalde
2,1420,8189,1,,,,,1,1,0,380.0000000000000000,1,,,157807291,DE,50,0101000020E610000019E738B33E702C4090BC245C738F4940,Umspannwerk Schmölln
2,1421,8029,1,,,,,1,1,0,380.0000000000000000,1,,,59026005,DE,50,0101000020E61000008FB5C34C9BE42D405FC84ED302884940,Umspannwerk Hagenwerder
2,1422,1636,1,,,,,1,1,0,380.0000000000000000,1,,,0,PL,50,0101000020E61000000C79043752EE2D405FCDA6C8C6864940,
2,1423,4987,1,,,,,1,1,0,380.0000000000000000,1,,,0,PL,50,0101000020E61000000C79043752EE2D405FCDA6C8C6864940,
2,1424,7726,1,,,,,1,1,0,380.0000000000000000,1,,,23241863,DE,50,0101000020E610000083333AB3BAAE2B403ACECE15BE7E4940,Umspannwerk DD-Süd
2,1425,8103,1,,,,,1,1,0,380.0000000000000000,1,,,109917397,DE,50,0101000020E6100000E9A8C11CD8822A40BF24DB1410774940,Freiberg/Nord (380 kV)
2,1426,8198,1,,,,,1,1,0,380.0000000000000000,1,,,166604822,DE,50,0101000020E610000064B7798A32C32940C55B28FB62424940,Markersbach
2,1427,7959,1,,,,,1,1,0,380.0000000000000000,1,,,36183042,DE,50,0101000020E61000005F8F7407179429401869296143504940,Umspannwerk Zwönitz
2,1428,273,1,,,,,1,1,0,380.0000000000000000,1,,,0,CZ,50,0101000020E61000000CE5E901986B2A40E6DA06A4B3434940,
2,1429,3013,1,,,,,1,1,0,380.0000000000000000,1,,,0,CZ,50,0101000020E61000000CE5E901986B2A40E6DA06A4B3434940,
2,1430,8115,1,,,,,1,1,0,220.0000000000000000,1,,,128277645,DE,50,0101000020E6100000FFBD2A26F24A2740D0D751D976444940,Umspannwerk Remptendorf
2,1431,8157,1,,,,,1,1,0,220.0000000000000000,1,,,152219167,DE,50,0101000020E61000000F34CCEA2FDE264012BC72C18D534940,Stahlwerk Thüringen
2,1432,8141,1,,,,,1,1,0,380.0000000000000000,1,,,148211527,DE,50,0101000020E610000073E5B481D7F026409A29440717774940,Großschwabhausen
2,1433,7816,1,,,,,1,1,0,380.0000000000000000,1,,,25746125,DE,50,0101000020E610000062E4767984022640FB3F87F9F2404940,Pumpspeicherwerk Goldisthal
2,1434,8131,1,,,,,1,1,0,220.0000000000000000,1,,,143882655,DE,50,0101000020E610000060E1C0CDE63E264055EC3E40DC7F4940,Umspannwerk Vieselbach
2,1435,8006,1,,,,,1,1,0,220.0000000000000000,1,,,45330411,DE,50,0101000020E61000006CD5471D2278254090C704747CB84940,Wolkramshausen (110 kV)
2,1436,7985,1,,,,,1,1,0,220.0000000000000000,1,,,42410916,DE,50,0101000020E6100000FB233CDADBEA21408A0562E4920A4940,Umspannwerk Großkrotzenburg
2,1437,7987,1,,,,,1,1,0,220.0000000000000000,1,,,42411962,DE,50,0101000020E61000000507A81EC7E8214070076A90020B4940,Kraftwerkseinspeisung Staudinger
2,1438,8206,1,,,,,1,1,0,220.0000000000000000,1,,,193674783,DE,50,0101000020E61000000F4133EED0E72140D0E4E06A220B4940,
2,1439,8207,1,,,,,1,1,0,220.0000000000000000,1,,,193674785,DE,50,0101000020E61000002213AE024EE8214097FC37B7290B4940,
2,1440,8137,1,,,,,1,1,0,220.0000000000000000,1,,,145850315,DE,50,0101000020E610000069C9EE7AAFE82140351479F22C0B4940,
2,1441,7984,1,,,,,1,1,0,380.0000000000000000,1,,,42372159,DE,50,0101000020E6100000B422CE7DA4FA2140D1FD7070B6074940,Karlstein
2,1442,7783,1,,,,,1,1,0,220.0000000000000000,1,,,24715381,DE,50,0101000020E6100000EA9682B511522440F34D9EEF9DFE4840,Umspannwerk Bergrheinfeld
2,1443,7784,1,,,,,1,1,0,380.0000000000000000,1,,,24715381,DE,50,0101000020E6100000EA9682B511522440F34D9EEF9DFE4840,Umspannwerk Bergrheinfeld
2,1444,8099,1,,,,,1,1,0,220.0000000000000000,1,,,108797675,DE,50,0101000020E6100000897685C92B602440AD4B2D9698FD4840,Grafenrheinfeld
2,1445,8240,1,,,,,1,1,0,220.0000000000000000,1,,,276236628,DE,50,0101000020E61000008EAE5A8D9A642440D040D29994034940,Schweinfurt
2,1446,7791,1,,,,,1,1,0,220.0000000000000000,1,,,24759324,DE,50,0101000020E6100000CE4D0E46B7952740E581F9EC4A6B4840,Umspannwerk Sittling
2,1447,7793,1,,,,,1,1,0,220.0000000000000000,1,,,24768051,DE,50,0101000020E61000000F1E2945F50327407E23BD826C614840,Ingolstadt
2,1448,8049,1,,,,,1,1,0,220.0000000000000000,1,,,77694901,DE,50,0101000020E610000081186A5611712840EF85854CF94A4840,Umspannwerk Altheim
2,1449,312,1,,,,,1,1,0,220.0000000000000000,1,,,0,AT,50,0101000020E610000032A946544D292A40422619390B214840,
2,1450,8081,1,,,,,1,1,0,220.0000000000000000,1,,,91086220,DE,50,0101000020E6100000EDD8F4A96C012A40815A502D88214840,Umspannwerk Simbach
2,1451,4160,1,,,,,1,1,0,220.0000000000000000,1,,,0,AT,50,0101000020E610000032A946544D292A40422619390B214840,
2,1452,4504,1,,,,,1,1,0,220.0000000000000000,1,,,0,AT,50,0101000020E6100000786110FD7F292A4025383F0FFF204840,
2,1453,7822,1,,,,,1,1,0,220.0000000000000000,1,,,26245195,DE,50,0101000020E61000005BDD9FFD7EBC27409899CB84781A4840,Umspannwerk Ottenhofen
2,1454,7747,1,,,,,1,1,0,220.0000000000000000,1,,,24158385,DE,50,0101000020E6100000C508231260A02740038DCA75521C4840,Umspannwerk Neufinsing
2,1455,8121,1,,,,,1,1,0,220.0000000000000000,1,,,133342285,DE,50,0101000020E610000085DDF77E7E9D2740CEDB0F6D4B3A4840,Zolling - Irsching
2,1456,8226,1,,,,,1,1,0,220.0000000000000000,1,,,232833796,DE,50,0101000020E6100000A72A6B7D359B274012D5BCAB453A4840,
2,1457,8126,1,,,,,1,1,0,220.0000000000000000,1,,,137602559,DE,50,0101000020E61000008EE42768A9292740AD78810CE8614840,Irsching
2,1458,8044,1,,,,,1,1,0,220.0000000000000000,1,,,75865676,DE,50,0101000020E6100000C7A5AB59A84228401AB6629BE2F44740,Umspannwerk Marienberg
2,1459,7689,1,,,,,1,1,0,220.0000000000000000,1,,,18629425,DE,50,0101000020E61000000AB8B584A8BD2640151F509E4F254840,Umspannwerk Oberbachern
2,1460,7690,1,,,,,1,1,0,380.0000000000000000,1,,,18629425,DE,50,0101000020E61000000AB8B584A8BD2640151F509E4F254840,Umspannwerk Oberbachern
2,1461,7745,1,,,,,1,1,0,380.0000000000000000,1,,,23907283,DE,50,0101000020E6100000BACD0638ADE12640C47ABBA8FD154840,Hauptumspannwerk Menzing
2,1462,7778,1,,,,,1,1,0,380.0000000000000000,1,,,24652261,DE,50,0101000020E6100000E27A8F9A31BC25403F320D530D454840,Station Meitingen
2,1463,7895,1,,,,,1,1,0,380.0000000000000000,1,,,30613895,DE,50,0101000020E610000005FC097686AE2540BBA8D7CC771E4840,Umspannwerk Oberottmarshausen
2,1464,7894,1,,,,,1,1,0,220.0000000000000000,1,,,30613895,DE,50,0101000020E610000005FC097686AE2540BBA8D7CC771E4840,Umspannwerk Oberottmarshausen
2,1465,7900,1,,,,,1,1,0,220.0000000000000000,1,,,31019937,DE,50,0101000020E61000002D19A574E12A24409EA608406A224840,Vöhringen LEW
2,1466,7901,1,,,,,1,1,0,380.0000000000000000,1,,,31019937,DE,50,0101000020E61000002D19A574E12A24409EA608406A224840,Vöhringen LEW
2,1467,7978,1,,,,,1,1,0,220.0000000000000000,1,,,41389594,DE,50,0101000020E610000061862E3E62C523409CDBB9E8EB264840,Umspannwerk Dellmensingen
2,1468,2447,1,,,,,1,1,0,220.0000000000000000,1,,,0,AT,50,0101000020E6100000037AE1CE856D23407227C75345B74740,
2,1469,8027,1,,,,,1,1,0,220.0000000000000000,1,,,57727006,DE,50,0101000020E610000075BEB6820DBA244056F83FD281DE4740,Schaltanlage Leupolz
2,1470,8028,1,,,,,1,1,0,380.0000000000000000,1,,,57727006,DE,50,0101000020E610000075BEB6820DBA244056F83FD281DE4740,Schaltanlage Leupolz
2,1471,8047,1,,,,,1,1,0,380.0000000000000000,1,,,77038371,DE,50,0101000020E61000006B916B7DCC67254039649A6FC9E94740,Umspannwerk Bidingen Nr. 697 S
2,1472,3301,1,,,,,1,1,0,380.0000000000000000,1,,,0,AT,50,0101000020E6100000C8DE41A2BFBE2540BB432F489F9F4740,
2,1473,244,1,,,,,1,1,0,220.0000000000000000,1,,,0,AT,50,0101000020E6100000C8DE41A2BFBE2540BB432F489F9F4740,
2,1474,8020,1,,,,,1,1,0,380.0000000000000000,1,,,53378027,DE,50,0101000020E61000008053DEF09ADF2540025CCF025E334840,Umspannwerk Lechhausen; Übernahmestation Lechhausen
2,1475,8046,1,,,,,1,1,0,380.0000000000000000,1,,,76246159,DE,50,0101000020E61000003BFD65F83EBA2540F234E94CFE454840,Umspannwerk Meitingen
2,1476,8069,1,,,,,1,1,0,380.0000000000000000,1,,,88945213,DE,50,0101000020E6100000779952E096C82440BB1557ED5C424840,Umspannwerk Gundelfingen
2,1477,7902,1,,,,,1,1,0,380.0000000000000000,1,,,31019939,DE,50,0101000020E6100000DD8704CD9CCD2440E87BDB6045414840,Gundremmingen
2,1478,7750,1,,,,,1,1,0,220.0000000000000000,1,,,24237879,DE,50,0101000020E61000001D88379983962640ADB58F56A9064840,Umspannwerk Oberbrunn
2,1479,7687,1,,,,,1,1,0,380.0000000000000000,1,,,5404079,DE,50,0101000020E6100000F28EFEEC53472740729C1760E2164840,Föhring
2,1480,7790,1,,,,,1,1,0,380.0000000000000000,1,,,24758329,DE,50,0101000020E6100000D5C01F083E5425401A879A1E71FD4840,Umspannwerk Eltmann
2,1481,8008,1,,,,,1,1,0,380.0000000000000000,1,,,46584363,DE,50,0101000020E610000090AC547BF158214082D1541E2DA54840,Umspannwerk Wiesloch
2,1482,8007,1,,,,,1,1,0,220.0000000000000000,1,,,46584363,DE,50,0101000020E610000090AC547BF158214082D1541E2DA54840,Umspannwerk Wiesloch
2,1483,8191,1,,,,,1,1,0,220.0000000000000000,1,,,159326655,DE,50,0101000020E6100000A682EE0607272240B5A1FB7683AE4840,Obrigheim
2,1484,8130,1,,,,,1,1,0,380.0000000000000000,1,,,143854536,DE,50,0101000020E61000002FF5CC01AA6323406724C797C59D4840,Umspannwerk Kupferzell
2,1485,8072,1,,,,,1,1,0,220.0000000000000000,1,,,89184327,DE,50,0101000020E61000008CB396CDFC6A2240145419664B964840,
2,1486,8235,1,,,,,1,1,0,380.0000000000000000,1,,,274609757,DE,50,0101000020E61000001FEB1F6C20D32040FCF93200EADA4840,Biblis A
2,1487,7877,1,,,,,1,1,0,220.0000000000000000,1,,,29374542,DE,50,0101000020E610000019137C9485301C40A763CE5CE8734940,Station Gremberghoven
2,1488,7849,1,,,,,1,1,0,220.0000000000000000,1,,,27871140,DE,50,0101000020E61000007B4C64101C181C40D7367079E17F4940,Station Dünnwald
2,1489,7703,1,,,,,1,1,0,220.0000000000000000,1,,,22796434,DE,50,0101000020E610000018E8ED6A20621C4088ED77EED6694940,Station Stockem
2,1490,8078,1,,,,,1,1,0,220.0000000000000000,1,,,90148336,DE,50,0101000020E61000007185A480630A2040AE195E1439764940,Setzer Wiese
2,1491,7806,1,,,,,1,1,0,220.0000000000000000,1,,,25051880,DE,50,0101000020E61000002B10FF7EE9251C404646889136C54940,Station Gelsenberg
2,1492,7705,1,,,,,1,1,0,220.0000000000000000,1,,,22944791,DE,50,0101000020E6100000435483D785261C40E55F55469DCC4940,Station Bergmannsglück
2,1493,7868,1,,,,,1,1,0,220.0000000000000000,1,,,29077623,DE,50,0101000020E61000004DC93519C13D1C40E12AEB1F26D94940,Station Kusenhorst
2,1494,7713,1,,,,,1,1,0,220.0000000000000000,1,,,23022100,DE,50,0101000020E6100000EA8AF28CE3171C4071ED043716D04940,Station Polsum
2,1495,7765,1,,,,,1,1,0,220.0000000000000000,1,,,24462426,DE,50,0101000020E61000005CD1598020B91A408DDE46D3B9D24940,Station Niederrhein
2,1496,7766,1,,,,,1,1,0,380.0000000000000000,1,,,24462426,DE,50,0101000020E61000005CD1598020B91A408DDE46D3B9D24940,Station Niederrhein
2,1497,7763,1,,,,,1,1,0,220.0000000000000000,1,,,24462228,DE,50,0101000020E610000033DCCF44254F1A40111AD4D337C74940,Station Ossenberg
2,1498,7717,1,,,,,1,1,0,220.0000000000000000,1,,,23084417,DE,50,0101000020E610000078122ACC27E3184015661426EAD84940,Station Pfalzdorf
2,1499,8033,1,,,,,1,1,0,220.0000000000000000,1,,,61918154,DE,50,0101000020E610000077CADBEC993B1D401AC3E5F0083D4A40,Hanekenfähr
2,1500,8034,1,,,,,1,1,0,380.0000000000000000,1,,,61918154,DE,50,0101000020E610000077CADBEC993B1D401AC3E5F0083D4A40,Hanekenfähr
2,1501,8185,1,,,,,1,1,0,380.0000000000000000,1,,,157449983,DE,50,0101000020E610000059DF9896A4371D40C620B222C03D4A40,
2,1502,8186,1,,,,,1,1,0,380.0000000000000000,1,,,157450001,DE,50,0101000020E61000007AA9AEC830471D406B1D266B833C4A40,
2,1503,7881,1,,,,,1,1,0,380.0000000000000000,1,,,29471404,DE,50,0101000020E6100000E17DD5A5CE231C40CE3C1757F7194A40,Station Gronau
2,1504,2357,1,,,,,1,1,0,380.0000000000000000,1,,,0,NL,50,0101000020E610000045C02154A9D91B40F651FCCEE5184A40,
2,1505,2832,1,,,,,1,1,0,380.0000000000000000,1,,,0,NL,50,0101000020E610000045C02154A9D91B40F651FCCEE5184A40,
2,1506,7812,1,,,,,1,1,0,380.0000000000000000,1,,,25506770,DE,50,0101000020E61000000C8A00A3D02E1E4022226D9733FC4940,Station Roxel
2,1507,7993,1,,,,,1,1,0,380.0000000000000000,1,,,42560068,DE,50,0101000020E61000008774CE6ED0F91F40FA5214315BE94940,Station Enniger
2,1508,7989,1,,,,,1,1,0,380.0000000000000000,1,,,42488850,DE,50,0101000020E61000005FEE3773B7F81F4008B9FBBB83D74940,Station Uentrop
2,1509,7992,1,,,,,1,1,0,380.0000000000000000,1,,,42507488,DE,50,0101000020E61000007808237351D51E40826B74D48DD64940,Station Gersteinwerk
2,1510,8187,1,,,,,1,1,0,380.0000000000000000,1,,,157628351,DE,50,0101000020E610000077E0B86284791E40F11EDC909FD14940,Bergkamen A
2,1511,8114,1,,,,,1,1,0,380.0000000000000000,1,,,121199242,DE,50,0101000020E6100000EF52EEC23A9D1D4033DA58527DD24940,Station Lippe
2,1512,7924,1,,,,,1,1,0,380.0000000000000000,1,,,32472806,DE,50,0101000020E61000000688602A96691D40404DC128B4C94940,Station Mengede
2,1513,8239,1,,,,,1,1,0,380.0000000000000000,1,,,275138524,DE,50,0101000020E61000001FF38945BD5A1D40E41FFEA8E4D04940,Schaltanlage Datteln 4
2,1514,8052,1,,,,,1,1,0,380.0000000000000000,1,,,82162837,DE,50,0101000020E6100000E9EB4F4C182C1E40878BC76003BA4940,Station Holzen Mast 30
2,1515,8051,1,,,,,1,1,0,220.0000000000000000,1,,,82162837,DE,50,0101000020E6100000E9EB4F4C182C1E40878BC76003BA4940,Station Holzen Mast 30
2,1516,7708,1,,,,,1,1,0,220.0000000000000000,1,,,22964137,DE,50,0101000020E61000003886B57EB5AA1D40C4FE8BAF80BA4940,Station Kruckel
2,1517,7709,1,,,,,1,1,0,380.0000000000000000,1,,,22964137,DE,50,0101000020E61000003886B57EB5AA1D40C4FE8BAF80BA4940,Station Kruckel
2,1518,7953,1,,,,,1,1,0,380.0000000000000000,1,,,35763480,DE,50,0101000020E610000037875503B3401D407D9C1B902AB94940,Witten
2,1519,7954,1,,,,,1,1,0,380.0000000000000000,1,,,35763481,DE,50,0101000020E61000007D72F3212D431D402A52190A06B94940,Station Witten
2,1520,8037,1,,,,,1,1,0,380.0000000000000000,1,,,63114179,DE,50,0101000020E6100000EDC747523AAB1C402941EC76E8B14940,Station Hattingen
2,1521,8036,1,,,,,1,1,0,220.0000000000000000,1,,,63114179,DE,50,0101000020E6100000EDC747523AAB1C402941EC76E8B14940,Station Hattingen
2,1522,7859,1,,,,,1,1,0,220.0000000000000000,1,,,28452784,DE,50,0101000020E61000002941C0E76B0E1D40EEC6B5DA6AC94940,Station Pöppinghausen
2,1523,7991,1,,,,,1,1,0,220.0000000000000000,1,,,42507488,DE,50,0101000020E61000007808237351D51E40826B74D48DD64940,Station Gersteinwerk
2,1524,7761,1,,,,,1,1,0,220.0000000000000000,1,,,24414688,DE,50,0101000020E61000006F915A9AD0161E404583FD101FC44940,Station Wambel
2,1525,7799,1,,,,,1,1,0,220.0000000000000000,1,,,24858617,DE,50,0101000020E6100000EC7DAE3210001E40D85F039680C44940,Ratsbusch
2,1526,7762,1,,,,,1,1,0,220.0000000000000000,1,,,24415232,DE,50,0101000020E6100000507A5842C0C71D405CFBFF022BCF4940,Station Elmenhorst
2,1527,8223,1,,,,,1,1,0,220.0000000000000000,1,,,223466673,DE,50,0101000020E61000006BB80C4679E81D4063213A7FD5CE4940,
2,1528,8000,1,,,,,1,1,0,220.0000000000000000,1,,,42861703,DE,50,0101000020E6100000DB0CF7DCAF6D1E4097A6FE7905F34940,Amelsbüren
2,1529,8104,1,,,,,1,1,0,220.0000000000000000,1,,,111973179,DE,50,0101000020E61000000F3EE0728D5D1E40CABB522DD7F64940,Station Münster
2,1530,8128,1,,,,,1,1,0,220.0000000000000000,1,,,138877959,DE,50,0101000020E61000007F858DF40F4C1D40A9F126A089CF4940,Rheinzink
2,1531,7925,1,,,,,1,1,0,220.0000000000000000,1,,,32515797,DE,50,0101000020E6100000139AB04079681D40A29E4A0F9EC84940,Station Knepper
2,1532,8038,1,,,,,1,1,0,220.0000000000000000,1,,,66038431,DE,50,0101000020E6100000A5CCB75EA41D1D40BDC4A1B773BC4940,Station Laer
2,1533,8215,1,,,,,1,1,0,380.0000000000000000,1,,,202580524,DE,50,0101000020E61000005A8A3FE5F3E11F40487CDDD8A2D64940,
2,1534,7998,1,,,,,1,1,0,380.0000000000000000,1,,,42799487,DE,50,0101000020E61000004E8879BB646C20406323A03AC8964940,Station Arpe
2,1535,7997,1,,,,,1,1,0,380.0000000000000000,1,,,42797575,DE,50,0101000020E61000006EF323DCE53F214003082E0CC5B64940,Station Nehden
2,1536,7990,1,,,,,1,1,0,380.0000000000000000,1,,,42488855,DE,50,0101000020E61000008A69225FC5EC1F40EED4C71B36D64940,Station Lippborg
2,1537,7914,1,,,,,1,1,0,380.0000000000000000,1,,,32042992,DE,50,0101000020E61000008FCD44C7C4041D407D3D04FA69834A40,Umspannwerk Rhede
2,1538,8205,1,,,,,1,1,0,380.0000000000000000,1,,,177829920,DE,50,0101000020E6100000E10EC4C4D53E1D4032D0841E19904A40,Diele
2,1539,7743,1,,,,,1,1,0,380.0000000000000000,1,,,23837631,DE,50,0101000020E610000084049B58B11B2040DC192CE588AA4A40,Conneforde
2,1540,7920,1,,,,,1,1,0,380.0000000000000000,1,,,32076853,DE,50,0101000020E6100000098791CE0CF3204096E6F10ADEB64A40,Unterweser
2,1541,8102,1,,,,,1,1,0,380.0000000000000000,1,,,109582315,DE,50,0101000020E6100000FA5168B4B0F42040B6A7E49CD8B64A40,Kernkraftwerk Unterweser
2,1542,8101,1,,,,,1,1,0,220.0000000000000000,1,,,109582315,DE,50,0101000020E6100000FA5168B4B0F42040B6A7E49CD8B64A40,Kernkraftwerk Unterweser
2,1543,7919,1,,,,,1,1,0,220.0000000000000000,1,,,32076853,DE,50,0101000020E6100000098791CE0CF3204096E6F10ADEB64A40,Unterweser
2,1544,8202,1,,,,,1,1,0,220.0000000000000000,1,,,173178563,DE,50,0101000020E6100000C5E043860D1B20407F385F9CBCAA4A40,Conneforde 110/220 kV
2,1545,7742,1,,,,,1,1,0,220.0000000000000000,1,,,23837631,DE,50,0101000020E610000084049B58B11B2040DC192CE588AA4A40,Conneforde
2,1546,7946,1,,,,,1,1,0,220.0000000000000000,1,,,34835258,DE,50,0101000020E610000037B7C6C29EE51C40C3F6BF69CAAC4A40,Emden-Borßum
2,1547,8095,1,,,,,1,1,0,220.0000000000000000,1,,,104878489,DE,50,0101000020E610000071893787FFD21C40C8176C59B0AB4A40,Umspannwerk Kraftwerk Emden
2,1548,8015,1,,,,,1,1,0,220.0000000000000000,1,,,50643382,DE,50,0101000020E6100000946342FBCA292040A83068D5E76D4A40,Cloppenburg 220 kV
2,1549,7740,1,,,,,1,1,0,220.0000000000000000,1,,,23744346,DE,50,0101000020E61000001544C1F9CA3E2040BACD90FDBEC74A40,Umspannwerk Maade
2,1550,7831,1,,,,,1,1,0,220.0000000000000000,1,,,26455019,DE,50,0101000020E61000008A776366DA2B20405E24CBF98BCD4A40,Voslapp
2,1551,7880,1,,,,,1,1,0,220.0000000000000000,1,,,29420322,DE,50,0101000020E6100000333659CBBF1E2040E1999FCC62CF4A40,Inhausen
2,1552,8183,1,,,,,1,1,0,220.0000000000000000,1,,,157421330,DE,50,0101000020E61000004EDF045F8B3E2040DD34D0316DC84A40,Atlantic
2,1553,8184,1,,,,,1,1,0,220.0000000000000000,1,,,157421333,DE,50,0101000020E6100000BEBC904EB14B20403B38614E22C84A40,Umspannwerk Kraftwerk Wilhelmshaven
2,1554,3244,1,,,,,1,1,0,380.0000000000000000,1,,,0,NL,50,0101000020E61000001709B7C6B1CF1B40E4F2C418FD8F4A40,
2,1555,8129,1,,,,,1,1,0,380.0000000000000000,1,,,142487746,DE,50,0101000020E6100000F6D6A6710E081D40B62017FD957D4A40,Dörpen West
2,1556,8012,1,,,,,1,1,0,380.0000000000000000,1,,,49299111,DE,50,0101000020E6100000E4991372A8C71C40C1F9411E586F4A40,Niederlangen
2,1557,8219,1,,,,,1,1,0,380.0000000000000000,1,,,206289192,DE,50,0101000020E6100000E0FA583FCE1B1D4054200F416A604A40,Meppen
2,1558,8113,1,,,,,1,1,0,220.0000000000000000,1,,,118928165,DE,50,0101000020E610000061781B777A451D409E26ABD80B3C4A40,Benteler Stahlwerk
2,1559,7873,1,,,,,1,1,0,220.0000000000000000,1,,,29282738,DE,50,0101000020E61000007567E31E16B81C40C8C55FED1DC64940,Herne
2,1560,8061,1,,,,,1,1,0,220.0000000000000000,1,,,87767090,DE,50,0101000020E61000005772FDB21DFD1B402E88B97503A04940,Station Mettmann
2,1561,8090,1,,,,,1,1,0,220.0000000000000000,1,,,95434457,DE,50,0101000020E61000000FEDA99B19731A403EA7DA2A99844940,KW Neurath
2,1562,8087,1,,,,,1,1,0,220.0000000000000000,1,,,93278553,DE,50,0101000020E610000024FE0B206D2B1A409EB1D43D54A64940,Station Edelstahl Krefeld
2,1563,7796,1,,,,,1,1,0,220.0000000000000000,1,,,24815262,DE,50,0101000020E61000009BA8D829ED511940DC4073E4179F4940,Station Dülken
2,1564,8083,1,,,,,1,1,0,220.0000000000000000,1,,,92024105,DE,50,0101000020E61000005A5EC3F598E11A409F0749BD1DB24940,Station Rheinhausen
2,1565,8086,1,,,,,1,1,0,220.0000000000000000,1,,,92877635,DE,50,0101000020E610000065E4135901E51A4000BB216733B04940,
2,1566,7805,1,,,,,1,1,0,220.0000000000000000,1,,,25043127,DE,50,0101000020E6100000A2B096CAE0781B403B5D66CAEEAF4940,Station Selbeck
2,1567,8085,1,,,,,1,1,0,220.0000000000000000,1,,,92877610,DE,50,0101000020E6100000021D587E3EE41A40B65D132022B04940,
2,1568,7764,1,,,,,1,1,0,220.0000000000000000,1,,,24462317,DE,50,0101000020E610000081964F7205751A4057AE26DE30CF4940,
2,1569,7957,1,,,,,1,1,0,220.0000000000000000,1,,,35833592,DE,50,0101000020E6100000A443D38D4EFB1A402D0CD07FD3BF4940,
2,1570,7804,1,,,,,1,1,0,220.0000000000000000,1,,,25032036,DE,50,0101000020E610000012472C98D27D1B4009A8096E0FB94940,Styrum
2,1571,8031,1,,,,,1,1,0,380.0000000000000000,1,,,59925390,DE,50,0101000020E61000001E04647DF9FB1B4030224A4FD0C14940,Station Karnap
2,1572,8048,1,,,,,1,1,0,380.0000000000000000,1,,,77179271,DE,50,0101000020E61000001A8E57A0CA7D1A40D1D71B851DA14940,Station Osterath
2,1573,8084,1,,,,,1,1,0,380.0000000000000000,1,,,92165128,DE,50,0101000020E6100000F8CA182ACBEE1C407D966CC9C29D4940,Station Linde
2,1574,7776,1,,,,,1,1,0,380.0000000000000000,1,,,24536328,DE,50,0101000020E610000091405168D99120402AB32B5229614940,Dillenburg
2,1575,8180,1,,,,,1,1,0,380.0000000000000000,1,,,156960655,DE,50,0101000020E61000006246557C4A0723408B4F171428A14940,Umspannwerk Bergshausen
2,1576,7966,1,,,,,1,1,0,220.0000000000000000,1,,,39229429,DE,50,0101000020E61000006D211D7545A32040224595EA73084A40,Station Hesseln
2,1577,8147,1,,,,,1,1,0,220.0000000000000000,1,,,150200540,DE,50,0101000020E6100000BD50432FB7FC1E40A24E34F2ED244A40,Kraftwerkschaltanlage Ibbenbüren
2,1578,7845,1,,,,,1,1,0,220.0000000000000000,1,,,27739871,DE,50,0101000020E6100000E8D5F5D422402240599553D6E5444A40,Landesbergen
2,1579,7738,1,,,,,1,1,0,220.0000000000000000,1,,,23682013,DE,50,0101000020E610000050F79B158F0B2340B4B574E2212E4A40,Hannover/West
2,1580,8192,1,,,,,1,1,0,220.0000000000000000,1,,,160093341,DE,50,0101000020E610000012B80A3C00D9234091C5054EE3F24940,Erzhausen
2,1581,7757,1,,,,,1,1,0,380.0000000000000000,1,,,24272339,DE,50,0101000020E6100000B52C5D0FC3782440E7144C1590254A40,Klein Ilsede
2,1582,8064,1,,,,,1,1,0,220.0000000000000000,1,,,87952821,DE,50,0101000020E6100000F229077EEAA22240E65B0382A75B4B40,Flensburg
2,1583,2153,1,,,,,1,1,0,220.0000000000000000,1,,,0,DK,50,0101000020E610000054ECC3D55CA522408CBA7B2535674B40,
2,1584,8244,1,,,,,1,1,0,380.0000000000000000,1,,,301158539,DE,50,0101000020E6100000AA2C9BE0DA642240406E8DCCF06C4B40,Umspannwerk Jardelund
2,1585,7951,3,,,,,1,1,0,380.0000000000000000,1,,,35176751,DE,50,0101000020E6100000D2261C94FF7223406B37570AE6244B40,Audorf
